source_file,block_index,block_start_line,token_index,candidate_class,visibility_policy,safe_to_hide,risk_note,reason,rule_code,unique_tokens,reading_distribution,suspect_witness_only,unique_count,max_levenshtein_distance,min_levenshtein_similarity,max_damerau_distance,min_damerau_similarity,max_graphic_levenshtein_distance,max_graphic_damerau_distance,min_graphic_similarity,graphic_keys,witness_1_1,witness_2_2,witness_3_3,witness_4_4,witness_5_5
scene1.txt,4,19,2,minor_graphic_safe,hide_safe,yes,masquable:rule_based,historic_graphic_key_identity,accent+historic_s_before_consonant+punctuation_removed_for_graphic_key+spacing_or_hyphen+y_i+accent+punctuation_removed_for_graphic_key+spacing_or_hyphen+y_i,"soustiens~moy, | soûtiens-moi, | soûtiens-moy,","soustiens~moy,=[1,5] | soûtiens-moi,=[3,4] | soûtiens-moy,=[2]",,3,4,0.714,4,0.714,0,0,1.000,soutiensmoi,"soustiens~moy,","soûtiens-moy,","soûtiens-moi,","soûtiens-moi,","soustiens~moy,"
scene1.txt,4,19,6,minor_graphic_safe,hide_safe,yes,masquable:rule_based,accent_only,accent,extréme. | extrême.,"extréme.=[1,2,5] | extrême.=[3,4]",,2,1,0.875,1,0.875,0,0,1.000,extreme,extréme.,extréme.,extrême.,extrême.,extréme.
scene1.txt,6,31,-1,whole_line_variant,visible,no,visible:do_not_hide,whole_line_variant_marker_or_lacuna,whole_line_variant_marker_or_lacuna," Madame qu’auez~vous~? Et quel mal si caché… |  Madame qu’avez~vous~? Et quel mal si caché…. |  Madame, qu’avez-vous~? & quel mal si caché… |  Madame, qu’avez-vous~? & quel trouble… |  Madame, qu’avez-vous~? Et quel mal si caché…"," Madame qu’auez~vous~? Et quel mal si caché…=[1] |  Madame qu’avez~vous~? Et quel mal si caché….=[5] |  Madame, qu’avez-vous~? & quel mal si caché…=[3] |  Madame, qu’avez-vous~? & quel trouble…=[4] |  Madame, qu’avez-vous~? Et quel mal si caché…=[2]",,5,,,,,,,,madamequauezuousetquelmalsicache | madamequauezuousquelmalsicache | madamequauezuousqueltrouble, Madame qu’auez~vous~? Et quel mal si caché…," Madame, qu’avez-vous~? Et quel mal si caché…"," Madame, qu’avez-vous~? & quel mal si caché…"," Madame, qu’avez-vous~? & quel trouble…", Madame qu’avez~vous~? Et quel mal si caché….
scene1.txt,8,43,-1,whole_line_variant,visible,no,visible:do_not_hide,whole_line_variant_marker_or_lacuna,whole_line_variant_marker_or_lacuna," Ah~! mon Fils, de quel sang estes vous-là taché~? |  Ah~! mon Fils, de quel sang revenez-vous taché~? |  ~~~~~~~~~~~~~~~~~~Ah~! mon Fils,"," Ah~! mon Fils, de quel sang estes vous-là taché~?=[1,5] |  Ah~! mon Fils, de quel sang revenez-vous taché~?=[2,3] |  ~~~~~~~~~~~~~~~~~~Ah~! mon Fils,=[4]",,3,,,,,,,,ahmonfils | ahmonfilsdequelsangestesuouslatache | ahmonfilsdequelsangreuenezuoustache," Ah~! mon Fils, de quel sang estes vous-là taché~?"," Ah~! mon Fils, de quel sang revenez-vous taché~?"," Ah~! mon Fils, de quel sang revenez-vous taché~?"," ~~~~~~~~~~~~~~~~~~Ah~! mon Fils,"," Ah~! mon Fils, de quel sang estes vous-là taché~?"
scene1.txt,9,49,-1,whole_line_variant,visible,no,visible:do_not_hide,whole_line_variant_marker_or_lacuna,whole_line_variant_marker_or_lacuna, (lacune) | Quelles traces de sang voi-je sur vos habits~?," (lacune)=[1,2,3,4] | Quelles traces de sang voi-je sur vos habits~?=[5]",,2,,,,,,,,lacune | quelestracesdesanguoiiesuruoshabis, (lacune), (lacune), (lacune), (lacune),Quelles traces de sang voi-je sur vos habits~?
scene1.txt,10,55,1,substantive,visible,no,visible:do_not_hide,low_similarity_or_real_rewriting,substantive_default,"Est-ce~de~vostre~Frere, | Est-ce~du~sang~d’un~Frere,","Est-ce~de~vostre~Frere,=[1,5] | Est-ce~du~sang~d’un~Frere,=[2,3,4]",,2,10,0.615,10,0.615,8,8,0.579,estcedeuostrefrere | estcedusangdunfrere,"Est-ce~de~vostre~Frere,","Est-ce~du~sang~d’un~Frere,","Est-ce~du~sang~d’un~Frere,","Est-ce~du~sang~d’un~Frere,","Est-ce~de~vostre~Frere,"
scene1.txt,12,67,5,minor_graphic_safe,hide_safe,yes,masquable:rule_based,historic_graphic_key_identity,y_i,ni | ny,"ni=[2,3,4] | ny=[1,5]",,2,1,0.500,1,0.500,0,0,1.000,ni,ny,ni,ni,ni,ny
scene1.txt,12,67,7,minor_graphic_safe,hide_safe,yes,masquable:rule_based,historic_graphic_key_identity,apostrophe+u_v,l’un | l’vn,"l’un=[2,3,4,5] | l’vn=[1]",,2,1,0.750,1,0.750,0,0,1.000,lun,l’vn,l’un,l’un,l’un,l’un
scene1.txt,12,67,8,minor_graphic_safe,hide_safe,yes,masquable:rule_based,historic_graphic_key_identity,y_i,ni | ny,"ni=[2,3,4] | ny=[1,5]",,2,1,0.500,1,0.500,0,0,1.000,ni,ny,ni,ni,ni,ny
scene1.txt,12,67,10,minor_punctuation,hide_safe,yes,masquable:rule_based,punctuation_only,punctuation_only,"l’autre, | l’autre.","l’autre,=[1,5] | l’autre.=[2,3,4]",,2,1,0.875,1,0.875,0,0,1.000,lautre,"l’autre,",l’autre.,l’autre.,l’autre.,"l’autre,"
scene1.txt,13,73,-1,whole_line_variant,visible,no,visible:do_not_hide,whole_line_variant_marker_or_lacuna,whole_line_variant_marker_or_lacuna,"Dans son camp jusqu’icy Polinice arresté, | Polinice à mes yeux ne s’est point presenté,","Dans son camp jusqu’icy Polinice arresté,=[4] | Polinice à mes yeux ne s’est point presenté,=[1,2,3,5]",,2,,,,,,,,dansoncampiusquicipoliniceareste | poliniceamesieuxnesestpointpresente,"Polinice à mes yeux ne s’est point presenté,","Polinice à mes yeux ne s’est point presenté,","Polinice à mes yeux ne s’est point presenté,","Dans son camp jusqu’icy Polinice arresté,","Polinice à mes yeux ne s’est point presenté,"
scene1.txt,14,79,-1,whole_line_variant,visible,no,visible:do_not_hide,whole_line_variant_marker_or_lacuna,whole_line_variant_marker_or_lacuna,"Et l’on s’est peu battu d’un & d’autre costé, | Et l’on s’est peu battu d’un & d’autre costé. | Et l’on s’est peu battu d’vn & d’autre costé. | Pour combattre à mes yeux ne s’est point presenté.","Et l’on s’est peu battu d’un & d’autre costé,=[2,3] | Et l’on s’est peu battu d’un & d’autre costé.=[5] | Et l’on s’est peu battu d’vn & d’autre costé.=[1] | Pour combattre à mes yeux ne s’est point presenté.=[4]",,4,,,,,,,,etlonsestpeubatudundautrecoste | pourcombatreamesieuxnesestpointpresente,Et l’on s’est peu battu d’vn & d’autre costé.,"Et l’on s’est peu battu d’un & d’autre costé,","Et l’on s’est peu battu d’un & d’autre costé,",Pour combattre à mes yeux ne s’est point presenté.,Et l’on s’est peu battu d’un & d’autre costé.
scene1.txt,15,85,-1,whole_line_variant,visible,no,visible:do_not_hide,whole_line_variant_marker_or_lacuna,whole_line_variant_marker_or_lacuna,"Du Camp des Argiens une troupe hardie | Du Camp des Argiens une troupe hardie, | D’Argiens seulement une troupe hardie | Seulement quelques Grecs d’un insolent courage, | Seulement quelques Grecs d’vn insolent courage,","Du Camp des Argiens une troupe hardie=[3] | Du Camp des Argiens une troupe hardie,=[2] | D’Argiens seulement une troupe hardie=[4] | Seulement quelques Grecs d’un insolent courage,=[5] | Seulement quelques Grecs d’vn insolent courage,=[1]",,5,,,,,,,,dargienseulementunetroupehardie | ducampdesargiensunetroupehardie | seulementquelquesgrecsduninsolentcourage,"Seulement quelques Grecs d’vn insolent courage,","Du Camp des Argiens une troupe hardie,",Du Camp des Argiens une troupe hardie,D’Argiens seulement une troupe hardie,"Seulement quelques Grecs d’un insolent courage,"
scene1.txt,16,91,-1,whole_line_variant,visible,no,visible:do_not_hide,whole_line_variant_marker_or_lacuna,whole_line_variant_marker_or_lacuna,"M’a voulu de nos murs disputer la sortie. | M’ayant osé d’abord disputer le passage,","M’a voulu de nos murs disputer la sortie.=[2,3,4] | M’ayant osé d’abord disputer le passage,=[1,5]",,2,,,,,,,,maiantosedabordisputerlepasage | mauouludenosmursdisputerlasortie,"M’ayant osé d’abord disputer le passage,",M’a voulu de nos murs disputer la sortie.,M’a voulu de nos murs disputer la sortie.,M’a voulu de nos murs disputer la sortie.,"M’ayant osé d’abord disputer le passage,"
scene1.txt,17,97,1,minor_graphic_safe,hide_safe,yes,masquable:rule_based,historic_graphic_key_identity,apostrophe+i_j+y_i,I’ay | J’ay,"I’ay=[1] | J’ay=[2,3,4,5]",,2,1,0.750,1,0.750,0,0,1.000,iai,I’ay,J’ay,J’ay,J’ay,J’ay
scene1.txt,20,115,-1,whole_line_variant,visible,no,visible:do_not_hide,whole_line_variant_marker_or_lacuna,whole_line_variant_marker_or_lacuna,"Mais pourquoi donc sortir avecque vostre armée~? | Mais pourquoy donc sortir auecque vostre Armée, | Mais pourquoy donc sortir auecque vostre armée~? | Mais pourquoy donc sortir avecque vostre Armée, | Mais que prétendiez vous~? & quelle ardeur soudaine","Mais pourquoi donc sortir avecque vostre armée~?=[3] | Mais pourquoy donc sortir auecque vostre Armée,=[1] | Mais pourquoy donc sortir auecque vostre armée~?=[2] | Mais pourquoy donc sortir avecque vostre Armée,=[5] | Mais que prétendiez vous~? & quelle ardeur soudaine=[4]",,5,,,,,,,,maispourquoidoncsortirauecqueuostrearmee | maisquepretendiezuousqueleardeursoudaine,"Mais pourquoy donc sortir auecque vostre Armée,",Mais pourquoy donc sortir auecque vostre armée~?,Mais pourquoi donc sortir avecque vostre armée~?,Mais que prétendiez vous~? & quelle ardeur soudaine,"Mais pourquoy donc sortir avecque vostre Armée,"
scene1.txt,21,121,-1,whole_line_variant,visible,no,visible:do_not_hide,whole_line_variant_marker_or_lacuna,whole_line_variant_marker_or_lacuna,Quel est ce mouuement qui m’a tant alarmée~? | Quel est ce mouvement qui m’a tant alarmée~? | Vous a fait tout à coup descendre dans la plaine~?,"Quel est ce mouuement qui m’a tant alarmée~?=[1] | Quel est ce mouvement qui m’a tant alarmée~?=[2,3,5] | Vous a fait tout à coup descendre dans la plaine~?=[4]",,3,,,,,,,,quelestcemouuementquimatantalarmee | uousafaitoutacoupdescendredanslaplaine,Quel est ce mouuement qui m’a tant alarmée~?,Quel est ce mouvement qui m’a tant alarmée~?,Quel est ce mouvement qui m’a tant alarmée~?,Vous a fait tout à coup descendre dans la plaine~?,Quel est ce mouvement qui m’a tant alarmée~?
scene1.txt,23,134,1,minor_punctuation,hide_safe,yes,masquable:rule_based,punctuation_only,punctuation_only,"Madame | Madame,","Madame=[1,5] | Madame,=[2,3,4]",,2,1,0.857,1,0.857,0,0,1.000,madame,Madame,"Madame,","Madame,","Madame,",Madame
scene1.txt,23,134,7,minor_graphic_safe,hide_safe,yes,masquable:rule_based,historic_graphic_key_identity,double_consonant+u_v,usasse | vsasse,"usasse=[2,3,4,5] | vsasse=[1]",,2,1,0.833,1,0.833,0,0,1.000,usase,vsasse,usasse,usasse,usasse,usasse
scene1.txt,23,134,8,minor_graphic_safe,hide_safe,yes,masquable:rule_based,historic_graphic_key_identity,punctuation_removed_for_graphic_key+y_i,"ainsi, | ainsy,","ainsi,=[1,3,5] | ainsy,=[2,4]",,2,1,0.833,1,0.833,0,0,1.000,ainsi,"ainsi,","ainsy,","ainsi,","ainsy,","ainsi,"
scene1.txt,24,140,2,minor_graphic_safe,hide_safe,yes,masquable:rule_based,historic_graphic_key_identity,i_j,ie | je,"ie=[1] | je=[2,3,4,5]",,2,1,0.500,1,0.500,0,0,1.000,ie,ie,je,je,je,je
scene1.txt,24,140,8,minor_graphic_safe,hide_safe,yes,masquable:rule_based,historic_graphic_key_identity,punctuation_removed_for_graphic_key+y_i,ici. | icy.,"ici.=[3] | icy.=[1,2,4,5]",,2,1,0.750,1,0.750,0,0,1.000,ici,icy.,icy.,ici.,icy.,icy.
scene1.txt,25,146,-1,whole_line_variant,visible,no,visible:do_not_hide,whole_line_variant_marker_or_lacuna,whole_line_variant_marker_or_lacuna," (lacune) |  Ie n’ay que trop languy derriere vne muraille, |  Je n’ay que trop langui derriere une muraille, |  Je n’ay que trop languy derriere une muraille,"," (lacune)=[4] |  Ie n’ay que trop languy derriere vne muraille,=[1] |  Je n’ay que trop langui derriere une muraille,=[2,3] |  Je n’ay que trop languy derriere une muraille,=[5]",,4,,,,,,,,ienaiquetroplanguideriereunemuraile | lacune," Ie n’ay que trop languy derriere vne muraille,"," Je n’ay que trop langui derriere une muraille,"," Je n’ay que trop langui derriere une muraille,", (lacune)," Je n’ay que trop languy derriere une muraille,"
scene1.txt,26,152,-1,whole_line_variant,visible,no,visible:do_not_hide,whole_line_variant_marker_or_lacuna,whole_line_variant_marker_or_lacuna," (lacune) |  Ie brûlois de me voir en vn champ de bataille, |  Je brûlois de me voir en un champ de bataille, |  Je brûlois de me voir en un champ de bataille."," (lacune)=[4] |  Ie brûlois de me voir en vn champ de bataille,=[1] |  Je brûlois de me voir en un champ de bataille,=[5] |  Je brûlois de me voir en un champ de bataille.=[2,3]",,4,,,,,,,,iebruloisdemeuoirenunchampdebataile | lacune," Ie brûlois de me voir en vn champ de bataille,", Je brûlois de me voir en un champ de bataille., Je brûlois de me voir en un champ de bataille., (lacune)," Je brûlois de me voir en un champ de bataille,"
scene1.txt,27,158,-1,whole_line_variant,visible,no,visible:do_not_hide,whole_line_variant_marker_or_lacuna,whole_line_variant_marker_or_lacuna," (lacune) |  Lors~que l’on peut paroistre au milieu des hazards,"," (lacune)=[4] |  Lors~que l’on peut paroistre au milieu des hazards,=[1,2,3,5]",,2,,,,,,,,lacune | lorsquelonpeutparoistreaumilieudeshazards," Lors~que l’on peut paroistre au milieu des hazards,"," Lors~que l’on peut paroistre au milieu des hazards,"," Lors~que l’on peut paroistre au milieu des hazards,", (lacune)," Lors~que l’on peut paroistre au milieu des hazards,"
scene1.txt,28,164,-1,whole_line_variant,visible,no,visible:do_not_hide,whole_line_variant_marker_or_lacuna,whole_line_variant_marker_or_lacuna, (lacune) |  Un grand cœur est honteux de garder des rempars. |  Un grand cœur est honteux de garder des remparts. |  Vn grand cœur est honteux de garder des remparts.," (lacune)=[4] |  Un grand cœur est honteux de garder des rempars.=[2,3] |  Un grand cœur est honteux de garder des remparts.=[5] |  Vn grand cœur est honteux de garder des remparts.=[1]",,4,,,,,,,,lacune | ungrandcoeuresthonteuxdegarderdesrempars, Vn grand cœur est honteux de garder des remparts., Un grand cœur est honteux de garder des rempars., Un grand cœur est honteux de garder des rempars., (lacune), Un grand cœur est honteux de garder des remparts.
scene1.txt,29,170,-1,whole_line_variant,visible,no,visible:do_not_hide,whole_line_variant_marker_or_lacuna,whole_line_variant_marker_or_lacuna, (lacune) |  I’estois las d’endurer que le fier Polinice |  J’estois las d’endurer que le fier Polinice," (lacune)=[4] |  I’estois las d’endurer que le fier Polinice=[1] |  J’estois las d’endurer que le fier Polinice=[2,3,5]",,3,,,,,,,,iestoislasdendurerquelefierpolinice | lacune, I’estois las d’endurer que le fier Polinice, J’estois las d’endurer que le fier Polinice, J’estois las d’endurer que le fier Polinice, (lacune), J’estois las d’endurer que le fier Polinice
scene1.txt,30,176,-1,whole_line_variant,visible,no,visible:do_not_hide,whole_line_variant_marker_or_lacuna,whole_line_variant_marker_or_lacuna," (lacune) |  Me reprochast tout haut cét indigne exercice,"," (lacune)=[4] |  Me reprochast tout haut cét indigne exercice,=[1,2,3,5]",,2,,,,,,,,lacune | mereprochastouthautcetindigneexercice," Me reprochast tout haut cét indigne exercice,"," Me reprochast tout haut cét indigne exercice,"," Me reprochast tout haut cét indigne exercice,", (lacune)," Me reprochast tout haut cét indigne exercice,"
scene1.txt,31,182,-1,whole_line_variant,visible,no,visible:do_not_hide,whole_line_variant_marker_or_lacuna,whole_line_variant_marker_or_lacuna," (lacune) |  Et criast aux Thebains, afin de les gagner, |  Et criast aux Thebains, afin de les gaigner,"," (lacune)=[4] |  Et criast aux Thebains, afin de les gagner,=[2,3] |  Et criast aux Thebains, afin de les gaigner,=[1,5]",,3,,,,,,,,etcriastauxthebainsafindelesgagner | lacune," Et criast aux Thebains, afin de les gaigner,"," Et criast aux Thebains, afin de les gagner,"," Et criast aux Thebains, afin de les gagner,", (lacune)," Et criast aux Thebains, afin de les gaigner,"
scene1.txt,32,188,-1,whole_line_variant,visible,no,visible:do_not_hide,whole_line_variant_marker_or_lacuna,whole_line_variant_marker_or_lacuna, (lacune) |  Que ie laissois aux fers ceux qui me font regner. |  Que je laissois aux fers ceux qui me font regner. |  Que je laissois perir ceux qui me font regner.," (lacune)=[4] |  Que ie laissois aux fers ceux qui me font regner.=[1,2] |  Que je laissois aux fers ceux qui me font regner.=[5] |  Que je laissois perir ceux qui me font regner.=[3]",,4,,,,,,,,lacune | queielaisoisauxfersceuxquimefontregner | queielaisoisperirceuxquimefontregner, Que ie laissois aux fers ceux qui me font regner., Que ie laissois aux fers ceux qui me font regner., Que je laissois perir ceux qui me font regner., (lacune), Que je laissois aux fers ceux qui me font regner.
scene1.txt,35,206,5,minor_graphic_safe,hide_safe,yes,masquable:rule_based,historic_graphic_key_identity,apostrophe+u_v,m’auoit | m’avoit,"m’auoit=[1,5] | m’avoit=[2,3,4]",,2,1,0.857,1,0.857,0,0,1.000,mauoit,m’auoit,m’avoit,m’avoit,m’avoit,m’auoit
scene1.txt,37,218,6,minor_spacing,hide_safe,yes,masquable:rule_based,spacing_or_hyphen_only,spacing_or_hyphen_only,quoy-qu’il | quoy~qu’il,"quoy-qu’il=[2,3] | quoy~qu’il=[1,4,5]",,2,1,0.900,1,0.900,0,0,1.000,quoiquil,quoy~qu’il,quoy-qu’il,quoy-qu’il,quoy~qu’il,quoy~qu’il
scene1.txt,37,218,8,minor_graphic_safe,hide_safe,yes,masquable:rule_based,historic_graphic_key_identity,double_consonant+punctuation_removed_for_graphic_key+u_v,"arriue, | arrive,","arriue,=[1] | arrive,=[2,3,4,5]",,2,1,0.857,1,0.857,0,0,1.000,ariue,"arriue,","arrive,","arrive,","arrive,","arrive,"
scene1.txt,38,224,3,minor_graphic_safe,hide_safe,yes,masquable:rule_based,historic_graphic_key_identity,apostrophe+i_j+y_i,aujourd’hui | aujourd’huy,"aujourd’hui=[3] | aujourd’huy=[1,2,4,5]",,2,1,0.909,1,0.909,0,0,1.000,auiourdhui,aujourd’huy,aujourd’huy,aujourd’hui,aujourd’huy,aujourd’huy
scene1.txt,38,224,7,minor_graphic_safe,hide_safe,yes,masquable:rule_based,historic_graphic_key_identity,punctuation_removed_for_graphic_key+u_v,"captiue, | captive,","captiue,=[1] | captive,=[2,3,4,5]",,2,1,0.875,1,0.875,0,0,1.000,captiue,"captiue,","captive,","captive,","captive,","captive,"
scene1.txt,39,230,1,minor_graphic_safe,hide_safe,yes,masquable:rule_based,historic_graphic_key_identity,i_j,Ie | Je,"Ie=[1] | Je=[2,3,4,5]",,2,1,0.500,1,0.500,0,0,1.000,ie,Ie,Je,Je,Je,Je
scene1.txt,40,236,7,minor_punctuation,hide_safe,yes,masquable:rule_based,punctuation_only,punctuation_only,"combats, | combats. | combats~:","combats,=[3] | combats.=[1,2,5] | combats~:=[4]",,3,2,0.778,2,0.778,0,0,1.000,combas,combats.,combats.,"combats,",combats~:,combats.
scene1.txt,41,242,1,minor_graphic_safe,hide_safe,yes,masquable:rule_based,historic_graphic_key_identity,apostrophe+i_j+y_i,I’ay | J’ay,"I’ay=[1] | J’ay=[2,3,4,5]",,2,1,0.750,1,0.750,0,0,1.000,iai,I’ay,J’ay,J’ay,J’ay,J’ay
scene1.txt,41,242,8,substantive,visible,no,visible:do_not_hide,low_similarity_or_real_rewriting,substantive_default,"camgagne, | campagne,","camgagne,=[2] | campagne,=[1,3,4,5]",,2,1,0.889,1,0.889,1,1,0.875,camgagne | campagne,"campagne,","camgagne,","campagne,","campagne,","campagne,"
scene1.txt,42,248,4,minor_spacing,hide_safe,yes,masquable:rule_based,spacing_or_hyphen_only,spacing_or_hyphen_only,bon-heur | bonheur,"bon-heur=[1,2,3,5] | bonheur=[4]",,2,1,0.875,1,0.875,0,0,1.000,bonheur,bon-heur,bon-heur,bon-heur,bonheur,bon-heur
scene1.txt,43,254,5,substantive,visible,no,visible:do_not_hide,low_similarity_or_real_rewriting,substantive_default,Grecs | fiers,"Grecs=[1,5] | fiers=[2,3,4]",,2,3,0.400,3,0.400,3,3,0.400,fiers | grecs,Grecs,fiers,fiers,fiers,Grecs
scene1.txt,43,254,6,mixed_minor_and_substantive,visible,no,visible:do_not_hide;contains_substantive_component,low_similarity_or_real_rewriting;punctuation_only,punctuation_only+substantive_default,"Alliez | Alliez, | orgüeilleux,","Alliez=[3,4] | Alliez,=[2] | orgüeilleux,=[1,5]",,3,10,0.167,10,0.167,7,7,0.300,alies | orgueileus,"orgüeilleux,","Alliez,",Alliez,Alliez,"orgüeilleux,"
scene1.txt,44,260,5,minor_graphic_safe,hide_safe,yes,masquable:rule_based,historic_graphic_key_identity,double_consonant,mouront | mourront,"mouront=[1,5] | mourront=[2,3,4]",,2,1,0.875,1,0.875,0,0,1.000,mouront,mouront,mourront,mourront,mourront,mouront
scene1.txt,44,260,7,substantive,visible,no,visible:do_not_hide,short_token_protected,short_token_protected,mes | ses,"mes=[2,3,4] | ses=[1,5]",,2,1,0.667,1,0.667,1,1,0.667,mes | ses,ses,mes,mes,mes,ses
scene1.txt,44,260,8,substantive,visible,no,visible:do_not_hide,short_token_protected,short_token_protected,piez. | yeux.,"piez.=[2,3,4] | yeux.=[1,5]",,2,4,0.200,4,0.200,2,2,0.500,ieus | pies,yeux.,piez.,piez.,piez.,yeux.
scene1.txt,46,272,-1,whole_line_variant,visible,no,visible:do_not_hide,whole_line_variant_marker_or_lacuna,whole_line_variant_marker_or_lacuna," (lacune) |  Vous preserue le Ciel d’vne telle Victoire, |  Vous preserve le Ciel d’une telle Victoire, |  Vous preserve le Ciel d’une telle Victoire. |  Vous preserve le Ciel d’une telle victoire."," (lacune)=[4] |  Vous preserue le Ciel d’vne telle Victoire,=[1] |  Vous preserve le Ciel d’une telle Victoire,=[5] |  Vous preserve le Ciel d’une telle Victoire.=[2] |  Vous preserve le Ciel d’une telle victoire.=[3]",,5,,,,,,,,lacune | uouspreseruelecielduneteleuictoire," Vous preserue le Ciel d’vne telle Victoire,", Vous preserve le Ciel d’une telle Victoire., Vous preserve le Ciel d’une telle victoire., (lacune)," Vous preserve le Ciel d’une telle Victoire,"
scene1.txt,47,278,-1,whole_line_variant,visible,no,visible:do_not_hide,whole_line_variant_marker_or_lacuna,whole_line_variant_marker_or_lacuna," (lacune) | Thebes ne veut point voir une action si noire, | Thebes ne veut point voir vne action si noire,"," (lacune)=[4] | Thebes ne veut point voir une action si noire,=[2,3,5] | Thebes ne veut point voir vne action si noire,=[1]",,3,,,,,,,,lacune | thebesneueutpointuoiruneactionsinoire,"Thebes ne veut point voir vne action si noire,","Thebes ne veut point voir une action si noire,","Thebes ne veut point voir une action si noire,", (lacune),"Thebes ne veut point voir une action si noire,"
scene1.txt,48,284,-1,whole_line_variant,visible,no,visible:do_not_hide,whole_line_variant_marker_or_lacuna,whole_line_variant_marker_or_lacuna, (lacune) |  Laissez là son salut & n’y songez jamais~; |  Laissez-là son salut & n’y songez jamais~;," (lacune)=[4] |  Laissez là son salut & n’y songez jamais~;=[1,5] |  Laissez-là son salut & n’y songez jamais~;=[2,3]",,3,,,,,,,,lacune | laisezlasonsalutnisongeziamais, Laissez là son salut & n’y songez jamais~;, Laissez-là son salut & n’y songez jamais~;, Laissez-là son salut & n’y songez jamais~;, (lacune), Laissez là son salut & n’y songez jamais~;
scene1.txt,49,290,-1,whole_line_variant,visible,no,visible:do_not_hide,whole_line_variant_marker_or_lacuna,whole_line_variant_marker_or_lacuna, (lacune) |  La Guerre vaut bien mieux que cette affreuse Paix. |  La Guerre vaut bien-mieux que cette affreuse Paix.," (lacune)=[4] |  La Guerre vaut bien mieux que cette affreuse Paix.=[1,2,5] |  La Guerre vaut bien-mieux que cette affreuse Paix.=[3]",,3,,,,,,,,lacune | laguereuautbienmieuxqueceteafreusepais, La Guerre vaut bien mieux que cette affreuse Paix., La Guerre vaut bien mieux que cette affreuse Paix., La Guerre vaut bien-mieux que cette affreuse Paix., (lacune), La Guerre vaut bien mieux que cette affreuse Paix.
scene1.txt,50,296,-1,whole_line_variant,visible,no,visible:do_not_hide,whole_line_variant_marker_or_lacuna,whole_line_variant_marker_or_lacuna," (lacune) |  Dont le flambeau fatal desole cette terre. |  Dure-t’elle à iamais cette cruelle Guerre, |  Dure-t’elle à jamais cette cruelle Guerre,"," (lacune)=[3] |  Dont le flambeau fatal desole cette terre.=[4,5] |  Dure-t’elle à iamais cette cruelle Guerre,=[1] |  Dure-t’elle à jamais cette cruelle Guerre,=[2]",,4,,,,,,,,dontleflambeaufataldesolecetetere | dureteleaiamaiscetecrueleguere | lacune," Dure-t’elle à iamais cette cruelle Guerre,"," Dure-t’elle à jamais cette cruelle Guerre,", (lacune), Dont le flambeau fatal desole cette terre., Dont le flambeau fatal desole cette terre.
scene1.txt,51,302,-1,whole_line_variant,visible,no,visible:do_not_hide,whole_line_variant_marker_or_lacuna,whole_line_variant_marker_or_lacuna," (lacune) |  Plustost qu’un si grand crime en arreste le cours. |  Plustost qu’vn si grand crime en arreste le cours. |  Prolongez nos mal-heurs, augmentez-les tousiours, |  Prolongez nos mal-heurs, augmentez-les tousjours,"," (lacune)=[3] |  Plustost qu’un si grand crime en arreste le cours.=[5] |  Plustost qu’vn si grand crime en arreste le cours.=[4] |  Prolongez nos mal-heurs, augmentez-les tousiours,=[1] |  Prolongez nos mal-heurs, augmentez-les tousjours,=[2]",,5,,,,,,,,lacune | plustostquunsigrandcrimeenarestelecours | prolongeznosmalheursaugmentezlestouiours," Prolongez nos mal-heurs, augmentez-les tousiours,"," Prolongez nos mal-heurs, augmentez-les tousjours,", (lacune), Plustost qu’vn si grand crime en arreste le cours., Plustost qu’un si grand crime en arreste le cours.
scene1.txt,52,308,-1,whole_line_variant,visible,no,visible:do_not_hide,whole_line_variant_marker_or_lacuna,whole_line_variant_marker_or_lacuna," Vous pourriez d’un tel sang, ô Ciel~! souiller vos armes~? |  Vous-mesme d’un tel sang soüilleriez vous vos Armes~? |  Vous-mesme d’un tel sang soüilleriez-vous vos Armes~? |  Vous-mesme d’un tel sang, soüillerez-vous vos Armes~? |  Vous-mesme d’vn tel sang soüilleriez vous vos Armes~?"," Vous pourriez d’un tel sang, ô Ciel~! souiller vos armes~?=[4] |  Vous-mesme d’un tel sang soüilleriez vous vos Armes~?=[5] |  Vous-mesme d’un tel sang soüilleriez-vous vos Armes~?=[2] |  Vous-mesme d’un tel sang, soüillerez-vous vos Armes~?=[3] |  Vous-mesme d’vn tel sang soüilleriez vous vos Armes~?=[1]",,5,,,,,,,,uousmemeduntelsangsouilerezuousuosarmes | uousmemeduntelsangsouileriezuousuosarmes | uouspouriezduntelsangocielsouileruosarmes, Vous-mesme d’vn tel sang soüilleriez vous vos Armes~?, Vous-mesme d’un tel sang soüilleriez-vous vos Armes~?," Vous-mesme d’un tel sang, soüillerez-vous vos Armes~?"," Vous pourriez d’un tel sang, ô Ciel~! souiller vos armes~?", Vous-mesme d’un tel sang soüilleriez vous vos Armes~?
scene1.txt,53,314,2,minor_graphic_safe,hide_safe,yes,masquable:rule_based,historic_graphic_key_identity,double_consonant,Courone | Couronne,"Courone=[1,5] | Couronne=[2,3,4]",,2,1,0.875,1,0.875,0,0,1.000,courone,Courone,Couronne,Couronne,Couronne,Courone
scene1.txt,53,314,5,minor_mixed,hide_safe,yes,masquable:rule_based,punctuation_only;spacing_or_hyphen_only,punctuation_only+spacing_or_hyphen_only,a-t-elle | a-t’elle | a~t’elle,"a-t-elle=[4] | a-t’elle=[2,3] | a~t’elle=[1,5]",,3,2,0.750,2,0.750,0,0,1.000,atele,a~t’elle,a-t’elle,a-t’elle,a-t-elle,a~t’elle
scene1.txt,54,320,3,minor_graphic_safe,hide_safe,yes,masquable:rule_based,historic_graphic_key_identity,u_v,un | vn,"un=[2,3,4,5] | vn=[1]",,2,1,0.500,1,0.500,0,0,1.000,un,vn,un,un,un,un
scene1.txt,54,320,8,minor_graphic_safe,hide_safe,yes,masquable:rule_based,historic_graphic_key_identity,narrow_historic_lexical+punctuation_removed_for_graphic_key,"gagner, | gaigner","gagner,=[2,3,4] | gaigner=[1,5]",,2,2,0.714,2,0.714,0,0,1.000,gagner,gaigner,"gagner,","gagner,","gagner,",gaigner
scene1.txt,55,326,3,minor_case,hide_safe,yes,masquable:rule_based,case_only,case_only,"Fils, | fils,","Fils,=[1,5] | fils,=[2,3,4]",,2,1,0.800,1,0.800,0,0,1.000,fils,"Fils,","fils,","fils,","fils,","Fils,"
scene1.txt,55,326,7,minor_spacing,hide_safe,yes,masquable:rule_based,spacing_or_hyphen_only,spacing_or_hyphen_only,voudriez-vous | voudriez~vous,"voudriez-vous=[2,3,4] | voudriez~vous=[1,5]",,2,1,0.923,1,0.923,0,0,1.000,uoudriesuous,voudriez~vous,voudriez-vous,voudriez-vous,voudriez-vous,voudriez~vous
scene1.txt,56,332,10,minor_punctuation,hide_safe,yes,masquable:rule_based,punctuation_only,punctuation_only,"anime, | anime~;","anime,=[1,2,3,5] | anime~;=[4]",,2,2,0.714,2,0.714,0,0,1.000,anime,"anime,","anime,","anime,",anime~;,"anime,"
scene1.txt,57,338,9,minor_graphic_safe,hide_safe,yes,masquable:rule_based,historic_graphic_key_identity,apostrophe+u_v,d’un | d’vn,"d’un=[2,3,4,5] | d’vn=[1]",,2,1,0.750,1,0.750,0,0,1.000,dun,d’vn,d’un,d’un,d’un,d’un
scene1.txt,57,338,10,minor_punctuation,hide_safe,yes,masquable:rule_based,punctuation_only,punctuation_only,"crime, | crime.","crime,=[1,4,5] | crime.=[2,3]",,2,1,0.833,1,0.833,0,0,1.000,crime,"crime,",crime.,crime.,"crime,","crime,"
scene1.txt,58,344,-1,whole_line_variant,visible,no,visible:do_not_hide,whole_line_variant_marker_or_lacuna,whole_line_variant_marker_or_lacuna," Et de vostre couroux triomphant aujourd’huy |  Vous pouuez-vous montrer genereux tout a fait, |  Vous pouvez vous montrer genereux tout à fait, |  Vous pouvez-vous montrer genereux tout a fait, |  Vous pouvez-vous montrer genereux tout à fait,"," Et de vostre couroux triomphant aujourd’huy=[4] |  Vous pouuez-vous montrer genereux tout a fait,=[1] |  Vous pouvez vous montrer genereux tout à fait,=[3] |  Vous pouvez-vous montrer genereux tout a fait,=[5] |  Vous pouvez-vous montrer genereux tout à fait,=[2]",,5,,,,,,,,etdeuostrecourouxtriomphantauiourdhui | uouspouuezuousmontrergenereuxtoutafait," Vous pouuez-vous montrer genereux tout a fait,"," Vous pouvez-vous montrer genereux tout à fait,"," Vous pouvez vous montrer genereux tout à fait,", Et de vostre couroux triomphant aujourd’huy," Vous pouvez-vous montrer genereux tout a fait,"
scene1.txt,59,350,3,minor_case,hide_safe,yes,masquable:rule_based,case_only,case_only,"Frere, | frere,","Frere,=[1,2,3,5] | frere,=[4]",,2,1,0.833,1,0.833,0,0,1.000,frere,"Frere,","Frere,","Frere,","frere,","Frere,"
scene1.txt,59,350,6,substantive,visible,no,visible:do_not_hide,short_token_protected,short_token_protected,avec | en,"avec=[4] | en=[1,2,3,5]",,2,3,0.250,3,0.250,3,3,0.250,auec | en,en,en,en,avec,en
scene1.txt,59,350,7,substantive,visible,no,visible:do_not_hide,short_token_protected,short_token_protected,effet. | luy.,"effet.=[1,2,3,5] | luy.=[4]",,2,5,0.167,5,0.167,4,4,0.000,efet | lui,effet.,effet.,effet.,luy.,effet.
scene1.txt,61,362,3,mixed_minor_and_substantive,visible,no,visible:do_not_hide;contains_substantive_component,historic_graphic_key_identity;low_similarity_or_real_rewriting,spacing_or_hyphen+y_i+substantive_default,lui~ceder | luy~ceder | partager,"lui~ceder=[2,3] | luy~ceder=[1,5] | partager=[4]",,3,7,0.222,7,0.222,6,6,0.250,luiceder | partager,luy~ceder,lui~ceder,lui~ceder,partager,luy~ceder
scene1.txt,62,368,-1,whole_line_variant,visible,no,visible:do_not_hide,whole_line_variant_marker_or_lacuna,whole_line_variant_marker_or_lacuna," Et ceder laschement ce que mon droit me donne~? |  Quand le sang, & le Peuple à la fois me la donne~?"," Et ceder laschement ce que mon droit me donne~?=[4] |  Quand le sang, & le Peuple à la fois me la donne~?=[1,2,3,5]",,2,,,,,,,,etcederlaschementcequemondroitmedone | quandlesanglepeuplealafoismeladone," Quand le sang, & le Peuple à la fois me la donne~?"," Quand le sang, & le Peuple à la fois me la donne~?"," Quand le sang, & le Peuple à la fois me la donne~?", Et ceder laschement ce que mon droit me donne~?," Quand le sang, & le Peuple à la fois me la donne~?"
scene1.txt,64,380,-1,whole_line_variant,visible,no,visible:do_not_hide,whole_line_variant_marker_or_lacuna,whole_line_variant_marker_or_lacuna," Vous le sçavez, mon Fils, la justice & le sang |  Vous sçauez bien, mon Fils, que le choix & le sang |  Vous sçavez bien, mon Fils, que le choix & le sang"," Vous le sçavez, mon Fils, la justice & le sang=[2,3,4] |  Vous sçauez bien, mon Fils, que le choix & le sang=[1] |  Vous sçavez bien, mon Fils, que le choix & le sang=[5]",,3,,,,,,,,uouscauezbienmonfilsquelechoixlesang | uouslescauezmonfilslaiusticelesang," Vous sçauez bien, mon Fils, que le choix & le sang"," Vous le sçavez, mon Fils, la justice & le sang"," Vous le sçavez, mon Fils, la justice & le sang"," Vous le sçavez, mon Fils, la justice & le sang"," Vous sçavez bien, mon Fils, que le choix & le sang"
scene1.txt,65,386,2,substantive,visible,no,visible:do_not_hide,low_similarity_or_real_rewriting,substantive_default,donne | donnent,"donne=[3] | donnent=[1,2,4,5]",,2,2,0.714,2,0.714,2,2,0.667,done | donent,donnent,donnent,donne,donnent,donnent
scene1.txt,66,392,3,minor_graphic_safe,hide_safe,yes,masquable:rule_based,historic_graphic_key_identity,u_v,acheuant | achevant,"acheuant=[1] | achevant=[2,3,4,5]",,2,1,0.875,1,0.875,0,0,1.000,acheuant,acheuant,achevant,achevant,achevant,achevant
scene1.txt,68,404,3,minor_graphic_safe,hide_safe,yes,masquable:rule_based,historic_graphic_key_identity,apostrophe+u_v,qu’un | qu’vn,"qu’un=[2,3,4,5] | qu’vn=[1]",,2,1,0.800,1,0.800,0,0,1.000,quun,qu’vn,qu’un,qu’un,qu’un,qu’un
scene1.txt,68,404,9,minor_mixed,hide_safe,yes,masquable:rule_based,case_only;historic_graphic_key_identity,case_only+final_zx_s+punctuation_removed_for_graphic_key,"Lois, | Loix, | lois,","Lois,=[1,5] | Loix,=[2,3] | lois,=[4]",,3,2,0.600,2,0.600,0,0,1.000,lois,"Lois,","Loix,","Loix,","lois,","Lois,"
scene1.txt,69,410,-1,whole_line_variant,visible,no,visible:do_not_hide,whole_line_variant_marker_or_lacuna,whole_line_variant_marker_or_lacuna, Il voulut que tous deux vous en fussiez les Rois. |  Voulut que tour à tour vous fussiez tous deux Rois.," Il voulut que tous deux vous en fussiez les Rois.=[1,2,3,5] |  Voulut que tour à tour vous fussiez tous deux Rois.=[4]",,2,,,,,,,,iluoulutquetousdeuxuousenfusiezlesrois | uoulutquetouratouruousfusieztousdeuxrois, Il voulut que tous deux vous en fussiez les Rois., Il voulut que tous deux vous en fussiez les Rois., Il voulut que tous deux vous en fussiez les Rois., Voulut que tour à tour vous fussiez tous deux Rois., Il voulut que tous deux vous en fussiez les Rois.
scene1.txt,70,416,5,substantive,visible,no,visible:do_not_hide,low_similarity_or_real_rewriting,substantive_default,daignastes | voulustes,"daignastes=[4] | voulustes=[1,2,3,5]",,2,6,0.400,6,0.400,6,6,0.400,daignastes | uoulustes,voulustes,voulustes,voulustes,daignastes,voulustes
scene1.txt,70,416,6,minor_punctuation,hide_safe,yes,masquable:rule_based,punctuation_only,punctuation_only,"souscrire, | souscrire.","souscrire,=[1,2,3,5] | souscrire.=[4]",,2,1,0.900,1,0.900,0,0,1.000,souscrire,"souscrire,","souscrire,","souscrire,",souscrire.,"souscrire,"
scene1.txt,73,434,9,minor_graphic_safe,hide_safe,yes,masquable:rule_based,accent_only,accent,apres | aprés,"apres=[1,2,5] | aprés=[3,4]",,2,1,0.800,1,0.800,0,0,1.000,apres,apres,apres,aprés,aprés,apres
scene1.txt,75,446,-1,whole_line_variant,visible,no,visible:do_not_hide,whole_line_variant_marker_or_lacuna,whole_line_variant_marker_or_lacuna," (lacune) |  Il est vray, je promis, ce que voulut mon Pere,"," (lacune)=[2,3,4] |  Il est vray, je promis, ce que voulut mon Pere,=[1,5]",,2,,,,,,,,ilesturaiiepromiscequeuoulutmonpere | lacune," Il est vray, je promis, ce que voulut mon Pere,", (lacune), (lacune), (lacune)," Il est vray, je promis, ce que voulut mon Pere,"
scene1.txt,76,452,-1,whole_line_variant,visible,no,visible:do_not_hide,whole_line_variant_marker_or_lacuna,whole_line_variant_marker_or_lacuna, (lacune) |  Pour un Trosne est-il rien qu’on refuse de faire~? |  Pour vn Trosne est-il rien qu’on refuse de faire~?," (lacune)=[2,3,4] |  Pour un Trosne est-il rien qu’on refuse de faire~?=[5] |  Pour vn Trosne est-il rien qu’on refuse de faire~?=[1]",,3,,,,,,,,lacune | pouruntrosneestilrienquonrefusedefaire, Pour vn Trosne est-il rien qu’on refuse de faire~?, (lacune), (lacune), (lacune), Pour un Trosne est-il rien qu’on refuse de faire~?
scene1.txt,77,458,-1,whole_line_variant,visible,no,visible:do_not_hide,whole_line_variant_marker_or_lacuna,whole_line_variant_marker_or_lacuna," (lacune) |  On promet tout, Madame, afin d’y paruenir, |  On promet tout, Madame, afin d’y parvenir,"," (lacune)=[2,3,4] |  On promet tout, Madame, afin d’y paruenir,=[1] |  On promet tout, Madame, afin d’y parvenir,=[5]",,3,,,,,,,,lacune | onprometoutmadameafindiparuenir," On promet tout, Madame, afin d’y paruenir,", (lacune), (lacune), (lacune)," On promet tout, Madame, afin d’y parvenir,"
scene1.txt,78,464,-1,whole_line_variant,visible,no,visible:do_not_hide,whole_line_variant_marker_or_lacuna,whole_line_variant_marker_or_lacuna, (lacune) |  Mais on ne songe apres qu’à s’y bien maintenir.," (lacune)=[2,3,4] |  Mais on ne songe apres qu’à s’y bien maintenir.=[1,5]",,2,,,,,,,,lacune | maisonesongeapresquasibienmaintenir, Mais on ne songe apres qu’à s’y bien maintenir., (lacune), (lacune), (lacune), Mais on ne songe apres qu’à s’y bien maintenir.
scene1.txt,79,470,-1,whole_line_variant,visible,no,visible:do_not_hide,whole_line_variant_marker_or_lacuna,whole_line_variant_marker_or_lacuna," (lacune) |  I’estois alors sujet, & dans l’obeïssance, |  J’estois alors sujet, & dans l’obeïssance,"," (lacune)=[2,3,4] |  I’estois alors sujet, & dans l’obeïssance,=[1] |  J’estois alors sujet, & dans l’obeïssance,=[5]",,3,,,,,,,,iestoisalorsuietdanslobeisance | lacune," I’estois alors sujet, & dans l’obeïssance,", (lacune), (lacune), (lacune)," J’estois alors sujet, & dans l’obeïssance,"
scene1.txt,80,476,-1,whole_line_variant,visible,no,visible:do_not_hide,whole_line_variant_marker_or_lacuna,whole_line_variant_marker_or_lacuna, (lacune) |  Et je tiens aujourd’huy la supréme puissance :," (lacune)=[2,3,4] |  Et je tiens aujourd’huy la supréme puissance :=[1,5]",,2,,,,,,,,etietiensauiourdhuilasupremepuisance | lacune, Et je tiens aujourd’huy la supréme puissance :, (lacune), (lacune), (lacune), Et je tiens aujourd’huy la supréme puissance :
scene1.txt,81,482,-1,whole_line_variant,visible,no,visible:do_not_hide,whole_line_variant_marker_or_lacuna,whole_line_variant_marker_or_lacuna," (lacune) |  Ce que ie fis alors ne m’est plus vne Loy, |  Ce que je fis alors ne m’est plus une Loy,"," (lacune)=[2,3,4] |  Ce que ie fis alors ne m’est plus vne Loy,=[1] |  Ce que je fis alors ne m’est plus une Loy,=[5]",,3,,,,,,,,cequeiefisalorsnemestplusuneloi | lacune," Ce que ie fis alors ne m’est plus vne Loy,", (lacune), (lacune), (lacune)," Ce que je fis alors ne m’est plus une Loy,"
scene1.txt,82,488,-1,whole_line_variant,visible,no,visible:do_not_hide,whole_line_variant_marker_or_lacuna,whole_line_variant_marker_or_lacuna, (lacune) |  Le deuoir d’vn Sujet n’est pas celuy d’vn Roy. |  Le devoir d’un Sujet n’est pas celuy d’un Roy.," (lacune)=[2,3,4] |  Le deuoir d’vn Sujet n’est pas celuy d’vn Roy.=[1] |  Le devoir d’un Sujet n’est pas celuy d’un Roy.=[5]",,3,,,,,,,,lacune | ledeuoirdunsuietnestpasceluidunroi, Le deuoir d’vn Sujet n’est pas celuy d’vn Roy., (lacune), (lacune), (lacune), Le devoir d’un Sujet n’est pas celuy d’un Roy.
scene1.txt,83,494,-1,whole_line_variant,visible,no,visible:do_not_hide,whole_line_variant_marker_or_lacuna,whole_line_variant_marker_or_lacuna," (lacune) |  D’abord que sur sa teste il reçoit la Couronne,"," (lacune)=[2,3,4] |  D’abord que sur sa teste il reçoit la Couronne,=[1,5]",,2,,,,,,,,dabordquesursatesteilrecoitlacourone | lacune," D’abord que sur sa teste il reçoit la Couronne,", (lacune), (lacune), (lacune)," D’abord que sur sa teste il reçoit la Couronne,"
scene1.txt,84,500,-1,whole_line_variant,visible,no,visible:do_not_hide,whole_line_variant_marker_or_lacuna,whole_line_variant_marker_or_lacuna," (lacune) |  Un Roy sort à l’instant de sa propre personne, |  Vn Roy sort à l’instant de sa propre personne,"," (lacune)=[2,3,4] |  Un Roy sort à l’instant de sa propre personne,=[5] |  Vn Roy sort à l’instant de sa propre personne,=[1]",,3,,,,,,,,lacune | unroisortalinstantdesaproprepersone," Vn Roy sort à l’instant de sa propre personne,", (lacune), (lacune), (lacune)," Un Roy sort à l’instant de sa propre personne,"
scene1.txt,85,506,-1,whole_line_variant,visible,no,visible:do_not_hide,whole_line_variant_marker_or_lacuna,whole_line_variant_marker_or_lacuna," (lacune) |  L’interest du public doit deuenir le sien, |  L’interest du public doit devenir le sien,"," (lacune)=[2,3,4] |  L’interest du public doit deuenir le sien,=[1] |  L’interest du public doit devenir le sien,=[5]",,3,,,,,,,,lacune | linterestdupublicdoitdeuenirlesien," L’interest du public doit deuenir le sien,", (lacune), (lacune), (lacune)," L’interest du public doit devenir le sien,"
scene1.txt,86,512,-1,whole_line_variant,visible,no,visible:do_not_hide,whole_line_variant_marker_or_lacuna,whole_line_variant_marker_or_lacuna," (lacune) |  Il doit tout à l’Estat, & ne se doit plus rien."," (lacune)=[2,3,4] |  Il doit tout à l’Estat, & ne se doit plus rien.=[1,5]",,2,,,,,,,,ildoitoutalestatnesedoitplusrien | lacune," Il doit tout à l’Estat, & ne se doit plus rien.", (lacune), (lacune), (lacune)," Il doit tout à l’Estat, & ne se doit plus rien."
scene1.txt,88,524,-1,whole_line_variant,visible,no,visible:do_not_hide,whole_line_variant_marker_or_lacuna,whole_line_variant_marker_or_lacuna," (lacune) |  Au moins doit-il, mon Fils, quelque chose à sa gloire,"," (lacune)=[2,3,4] |  Au moins doit-il, mon Fils, quelque chose à sa gloire,=[1,5]",,2,,,,,,,,aumoinsdoitilmonfilsquelquechoseasagloire | lacune," Au moins doit-il, mon Fils, quelque chose à sa gloire,", (lacune), (lacune), (lacune)," Au moins doit-il, mon Fils, quelque chose à sa gloire,"
scene1.txt,89,530,-1,whole_line_variant,visible,no,visible:do_not_hide,whole_line_variant_marker_or_lacuna,whole_line_variant_marker_or_lacuna," (lacune) |  Dont le soin ne doit pas sortir de sa memoire,"," (lacune)=[2,3,4] |  Dont le soin ne doit pas sortir de sa memoire,=[1,5]",,2,,,,,,,,dontlesoinedoitpasortirdesamemoire | lacune," Dont le soin ne doit pas sortir de sa memoire,", (lacune), (lacune), (lacune)," Dont le soin ne doit pas sortir de sa memoire,"
scene1.txt,90,536,-1,whole_line_variant,visible,no,visible:do_not_hide,whole_line_variant_marker_or_lacuna,whole_line_variant_marker_or_lacuna," (lacune) |  Et quand ce nouueau rang l’affranchiroit des Lois, |  Et quand ce nouveau rang l’affranchiroit des Lois,"," (lacune)=[2,3,4] |  Et quand ce nouueau rang l’affranchiroit des Lois,=[1] |  Et quand ce nouveau rang l’affranchiroit des Lois,=[5]",,3,,,,,,,,etquandcenouueauranglafranchiroitdeslois | lacune," Et quand ce nouueau rang l’affranchiroit des Lois,", (lacune), (lacune), (lacune)," Et quand ce nouveau rang l’affranchiroit des Lois,"
scene1.txt,91,542,-1,whole_line_variant,visible,no,visible:do_not_hide,whole_line_variant_marker_or_lacuna,whole_line_variant_marker_or_lacuna, (lacune) |  Au moins doit il tenir sa parole à des Rois.," (lacune)=[2,3,4] |  Au moins doit il tenir sa parole à des Rois.=[1,5]",,2,,,,,,,,aumoinsdoitiltenirsaparoleadesrois | lacune, Au moins doit il tenir sa parole à des Rois., (lacune), (lacune), (lacune), Au moins doit il tenir sa parole à des Rois.
scene1.txt,93,554,-1,whole_line_variant,visible,no,visible:do_not_hide,whole_line_variant_marker_or_lacuna,whole_line_variant_marker_or_lacuna," Non, Madame, à l’Empire il ne doit plus prétendre. |  Non, Madame, à l’Empire il ne doit plus prétendre~: |  Polinice à ce titre auroit tort de pretendre,"," Non, Madame, à l’Empire il ne doit plus prétendre.=[2,3] |  Non, Madame, à l’Empire il ne doit plus prétendre~:=[4] |  Polinice à ce titre auroit tort de pretendre,=[1,5]",,3,,,,,,,,nonmadamealempireilnedoitpluspretendre | poliniceacetitreauroitortdepretendre," Polinice à ce titre auroit tort de pretendre,"," Non, Madame, à l’Empire il ne doit plus prétendre."," Non, Madame, à l’Empire il ne doit plus prétendre."," Non, Madame, à l’Empire il ne doit plus prétendre~:"," Polinice à ce titre auroit tort de pretendre,"
scene1.txt,94,560,1,mixed_minor_and_substantive,visible,no,visible:do_not_hide;contains_substantive_component,historic_graphic_key_identity;low_similarity_or_real_rewriting,double_consonant+spacing_or_hyphen+u_v+substantive_default,Thebes~sous~son~pouuoir | Thebes~sous~son~pouvoir | Thebes~à~cet~arrest,"Thebes~sous~son~pouuoir=[1] | Thebes~sous~son~pouvoir=[2,3,5] | Thebes~à~cet~arrest=[4]",,3,14,0.391,14,0.391,12,12,0.333,thebesacetarest | thebesousonpouuoir,Thebes~sous~son~pouuoir,Thebes~sous~son~pouvoir,Thebes~sous~son~pouvoir,Thebes~à~cet~arrest,Thebes~sous~son~pouvoir
scene1.txt,96,572,10,minor_graphic_safe,hide_safe,yes,masquable:rule_based,accent_only,accent,sçeu | sçeû,"sçeu=[2,3,4] | sçeû=[1,5]",,2,1,0.750,1,0.750,0,0,1.000,sceu,sçeû,sçeu,sçeu,sçeu,sçeû
scene1.txt,96,572,11,minor_punctuation,hide_safe,yes,masquable:rule_based,punctuation_only,punctuation_only,"chasser, | chasser.","chasser,=[3] | chasser.=[1,2,4,5]",,2,1,0.875,1,0.875,0,0,1.000,chaser,chasser.,chasser.,"chasser,",chasser.,chasser.
scene1.txt,97,578,2,minor_spacing,hide_safe,yes,masquable:rule_based,spacing_or_hyphen_only,spacing_or_hyphen_only,doit-elle | doit~elle,"doit-elle=[2,3,4] | doit~elle=[1,5]",,2,1,0.889,1,0.889,0,0,1.000,doitele,doit~elle,doit-elle,doit-elle,doit-elle,doit~elle
scene1.txt,98,584,1,minor_graphic_safe,hide_safe,yes,masquable:rule_based,accent_only,accent,Apres | Aprés,"Apres=[1,2,5] | Aprés=[3,4]",,2,1,0.800,1,0.800,0,0,1.000,apres,Apres,Apres,Aprés,Aprés,Apres
scene1.txt,98,584,2,minor_graphic_safe,hide_safe,yes,masquable:rule_based,historic_graphic_key_identity,u_v,auoir | avoir,"auoir=[1] | avoir=[2,3,4,5]",,2,1,0.800,1,0.800,0,0,1.000,auoir,auoir,avoir,avoir,avoir,avoir
scene1.txt,98,584,5,minor_graphic_safe,hide_safe,yes,masquable:rule_based,historic_graphic_key_identity,y_i,senti | senty,"senti=[2,3,4] | senty=[1,5]",,2,1,0.800,1,0.800,0,0,1.000,senti,senty,senti,senti,senti,senty
scene1.txt,99,590,6,minor_punctuation,hide_safe,yes,masquable:rule_based,punctuation_only,punctuation_only,"inhumain | inhumain,","inhumain=[2] | inhumain,=[1,3,4,5]",,2,1,0.889,1,0.889,0,0,1.000,inhumain,"inhumain,",inhumain,"inhumain,","inhumain,","inhumain,"
scene1.txt,100,596,4,substantive,visible,no,visible:do_not_hide,low_similarity_or_real_rewriting,substantive_default,contre~elle | contr’-elle,"contre~elle=[2,3,4] | contr’-elle=[1,5]",,2,2,0.818,2,0.818,1,1,0.889,contreele | contrele,contr’-elle,contre~elle,contre~elle,contre~elle,contr’-elle
scene1.txt,101,602,4,minor_graphic_safe,hide_safe,yes,masquable:rule_based,historic_graphic_key_identity,apostrophe+u_v,l’Esclaue | l’Esclave,"l’Esclaue=[1] | l’Esclave=[2,3,4,5]",,2,1,0.889,1,0.889,0,0,1.000,lesclaue,l’Esclaue,l’Esclave,l’Esclave,l’Esclave,l’Esclave
scene1.txt,101,602,6,minor_punctuation,hide_safe,yes,masquable:rule_based,punctuation_only,punctuation_only,"Mycéne | Mycéne,","Mycéne=[2] | Mycéne,=[1,3,4,5]",,2,1,0.857,1,0.857,0,0,1.000,micene,"Mycéne,",Mycéne,"Mycéne,","Mycéne,","Mycéne,"
scene1.txt,103,614,7,minor_graphic_safe,hide_safe,yes,masquable:rule_based,accent_only,accent,"soumis, | soûmis,","soumis,=[3,4] | soûmis,=[1,2,5]",,2,1,0.857,1,0.857,0,0,1.000,soumis,"soûmis,","soûmis,","soumis,","soumis,","soûmis,"
scene1.txt,107,638,2,minor_graphic_safe,hide_safe,yes,masquable:rule_based,accent_only,accent,eut | eût,"eut=[2,3,4] | eût=[1,5]",,2,1,0.667,1,0.667,0,0,1.000,eut,eût,eut,eut,eut,eût
scene1.txt,107,638,7,minor_graphic_safe,hide_safe,yes,masquable:rule_based,accent_only,accent,cet | cét,"cet=[2,3,4] | cét=[1,5]",,2,1,0.667,1,0.667,0,0,1.000,cet,cét,cet,cet,cet,cét
scene1.txt,109,650,5,minor_graphic_safe,hide_safe,yes,masquable:rule_based,historic_graphic_key_identity,accent+u_v,éuiter | éviter,"éuiter=[1] | éviter=[2,3,4,5]",,2,1,0.833,1,0.833,0,0,1.000,euiter,éuiter,éviter,éviter,éviter,éviter
scene1.txt,109,650,7,mixed_minor_and_substantive,visible,no,visible:do_not_hide;contains_substantive_component,low_similarity_or_real_rewriting;punctuation_only,punctuation_only+substantive_default,"chaisnes, | chaisnes. | chaisnes~; | chaînes,","chaisnes,=[3] | chaisnes.=[2] | chaisnes~;=[1,5] | chaînes,=[4]",,4,4,0.600,4,0.600,1,1,0.875,chaines | chaisnes,chaisnes~;,chaisnes.,"chaisnes,","chaînes,",chaisnes~;
scene1.txt,111,662,9,minor_case,hide_safe,yes,masquable:rule_based,case_only,case_only,"Foy, | foy,","Foy,=[1,2,5] | foy,=[3,4]",,2,1,0.750,1,0.750,0,0,1.000,foi,"Foy,","Foy,","foy,","foy,","Foy,"
scene1.txt,112,668,6,minor_graphic_safe,hide_safe,yes,masquable:rule_based,historic_graphic_key_identity,i_j,ie | je,"ie=[1] | je=[2,3,4,5]",,2,1,0.500,1,0.500,0,0,1.000,ie,ie,je,je,je,je
scene1.txt,112,668,11,minor_graphic_safe,hide_safe,yes,masquable:rule_based,historic_graphic_key_identity,punctuation_removed_for_graphic_key+y_i,Roi. | Roy.,"Roi.=[3] | Roy.=[1,2,4,5]",,2,1,0.750,1,0.750,0,0,1.000,roi,Roy.,Roy.,Roi.,Roy.,Roy.
scene1.txt,114,681,3,minor_graphic_safe,hide_safe,yes,masquable:rule_based,accent_only,accent,"plutost, | plûtost,","plutost,=[1,5] | plûtost,=[2,3,4]",,2,1,0.875,1,0.875,0,0,1.000,plutost,"plutost,","plûtost,","plûtost,","plûtost,","plutost,"
scene1.txt,115,687,3,minor_graphic_safe,hide_safe,yes,masquable:rule_based,accent_only,accent,Diadéme | Diadême,"Diadéme=[2,3] | Diadême=[1,4,5]",,2,1,0.857,1,0.857,0,0,1.000,diademe,Diadême,Diadéme,Diadéme,Diadême,Diadême
scene1.txt,115,687,9,minor_punctuation,hide_safe,yes,masquable:rule_based,punctuation_only,punctuation_only,touche. | touche~;,"touche.=[2,3,4] | touche~;=[1,5]",,2,2,0.750,2,0.750,0,0,1.000,touche,touche~;,touche.,touche.,touche.,touche~;
scene1.txt,116,693,2,minor_graphic_safe,hide_safe,yes,masquable:rule_based,historic_graphic_key_identity,i_j,ie | je,"ie=[1] | je=[2,3,4,5]",,2,1,0.500,1,0.500,0,0,1.000,ie,ie,je,je,je,je
scene1.txt,116,693,5,minor_punctuation,hide_safe,yes,masquable:rule_based,punctuation_only,punctuation_only,"encor | encor,","encor=[1,2,3,5] | encor,=[4]",,2,1,0.833,1,0.833,0,0,1.000,encor,encor,encor,encor,"encor,",encor
scene1.txt,118,705,1,minor_graphic_safe,hide_safe,yes,masquable:rule_based,accent_only,accent,"He~bien~! | Hé~!~bien,","He~bien~!=[2,3,4] | Hé~!~bien,=[1,5]",,2,5,0.500,5,0.500,0,0,1.000,hebien,"Hé~!~bien,",He~bien~!,He~bien~!,He~bien~!,"Hé~!~bien,"
scene1.txt,118,705,8,minor_graphic_safe,hide_safe,yes,masquable:rule_based,historic_graphic_key_identity,punctuation_removed_for_graphic_key+u_v,"auide, | avide,","auide,=[1] | avide,=[2,3,4,5]",,2,1,0.833,1,0.833,0,0,1.000,auide,"auide,","avide,","avide,","avide,","avide,"
scene1.txt,119,711,1,minor_graphic_safe,hide_safe,yes,masquable:rule_based,historic_graphic_key_identity,i_j,Ie | Je,"Ie=[1] | Je=[2,3,4,5]",,2,1,0.500,1,0.500,0,0,1.000,ie,Ie,Je,Je,Je,Je
scene1.txt,119,711,6,minor_graphic_safe,hide_safe,yes,masquable:rule_based,historic_graphic_key_identity,u_v,un | vn,"un=[2,3,4,5] | vn=[1]",,2,1,0.500,1,0.500,0,0,1.000,un,vn,un,un,un,un
scene1.txt,120,717,4,minor_graphic_safe,hide_safe,yes,masquable:rule_based,historic_graphic_key_identity,apostrophe+u_v,d’un | d’vn,"d’un=[2,3,4,5] | d’vn=[1]",,2,1,0.750,1,0.750,0,0,1.000,dun,d’vn,d’un,d’un,d’un,d’un
scene1.txt,121,723,1,minor_graphic_safe,hide_safe,yes,masquable:rule_based,historic_graphic_key_identity,i_j,Ie | Je,"Ie=[1] | Je=[2,3,4,5]",,2,1,0.500,1,0.500,0,0,1.000,ie,Ie,Je,Je,Je,Je
scene1.txt,121,723,3,minor_graphic_safe,hide_safe,yes,masquable:rule_based,historic_graphic_key_identity,u_v,inuite | invite,"inuite=[1] | invite=[2,3,4,5]",,2,1,0.833,1,0.833,0,0,1.000,inuite,inuite,invite,invite,invite,invite
scene1.txt,121,723,6,substantive,visible,no,visible:do_not_hide,low_similarity_or_real_rewriting,substantive_default,respandre | répandre,"respandre=[1,5] | répandre=[2,3,4]",,2,2,0.778,2,0.778,1,1,0.889,repandre | respandre,respandre,répandre,répandre,répandre,respandre
scene1.txt,122,729,7,mixed_minor_and_substantive,visible,no,visible:do_not_hide;contains_substantive_component,accent_only;low_similarity_or_real_rewriting,accent+substantive_default,"soumettre, | sousmettre, | soûmettre,","soumettre,=[4] | sousmettre,=[1,5] | soûmettre,=[2,3]",,3,2,0.818,2,0.818,1,1,0.889,soumetre | sousmetre,"sousmettre,","soûmettre,","soûmettre,","soumettre,","sousmettre,"
scene1.txt,123,735,4,minor_graphic_safe,hide_safe,yes,masquable:rule_based,historic_graphic_key_identity,y_i,ni | ny,"ni=[2,3,4] | ny=[1,5]",,2,1,0.500,1,0.500,0,0,1.000,ni,ny,ni,ni,ni,ny
scene1.txt,124,741,6,minor_graphic_safe,hide_safe,yes,masquable:rule_based,historic_graphic_key_identity,u_v,un | vn,"un=[2,3,4,5] | vn=[1]",,2,1,0.500,1,0.500,0,0,1.000,un,vn,un,un,un,un
scene1.txt,124,741,7,substantive,visible,no,visible:do_not_hide,low_similarity_or_real_rewriting,substantive_default,fascheux | fâcheux,"fascheux=[1,5] | fâcheux=[2,3,4]",,2,2,0.750,2,0.750,1,1,0.875,facheus | fascheus,fascheux,fâcheux,fâcheux,fâcheux,fascheux
scene1.txt,124,741,8,substantive,visible,no,visible:do_not_hide,low_similarity_or_real_rewriting,substantive_default,"concurrant, | concurrent,","concurrant,=[2,3] | concurrent,=[1,4,5]",,2,1,0.909,1,0.909,1,1,0.889,concurant | concurent,"concurrent,","concurrant,","concurrant,","concurrent,","concurrent,"
scene1.txt,125,747,9,minor_punctuation,hide_safe,yes,masquable:rule_based,punctuation_only,punctuation_only,"grand, | grand.","grand,=[1,5] | grand.=[2,3,4]",,2,1,0.833,1,0.833,0,0,1.000,grand,"grand,",grand.,grand.,grand.,"grand,"
scene1.txt,128,765,9,minor_mixed,hide_safe,yes,masquable:rule_based,case_only;punctuation_only,case_only+punctuation_only,"Frere, | Frere~: | frere,","Frere,=[3] | Frere~:=[4] | frere,=[1,2,5]",,3,3,0.571,3,0.571,0,0,1.000,frere,"frere,","frere,","Frere,",Frere~:,"frere,"
scene1.txt,130,777,6,minor_graphic_safe,hide_safe,yes,masquable:rule_based,historic_graphic_key_identity,u_v,deuenir | devenir,"deuenir=[1] | devenir=[2,3,4,5]",,2,1,0.857,1,0.857,0,0,1.000,deuenir,deuenir,devenir,devenir,devenir,devenir
scene1.txt,130,777,8,minor_mixed,hide_safe,yes,masquable:rule_based,case_only;punctuation_only,case_only+punctuation_only,Sujet. | Sujet~; | sujet.,"Sujet.=[2,3] | Sujet~;=[4] | sujet.=[1,5]",,3,3,0.571,3,0.571,0,0,1.000,suiet,sujet.,Sujet.,Sujet.,Sujet~;,sujet.
scene1.txt,131,783,4,minor_graphic_safe,hide_safe,yes,masquable:rule_based,historic_graphic_key_identity,accent+u_v,éleuer | élever,"éleuer=[1] | élever=[2,3,4,5]",,2,1,0.833,1,0.833,0,0,1.000,eleuer,éleuer,élever,élever,élever,élever
scene1.txt,131,783,9,minor_punctuation,hide_safe,yes,masquable:rule_based,punctuation_only,punctuation_only,"joye, | joye~;","joye,=[1,4,5] | joye~;=[2,3]",,2,2,0.667,2,0.667,0,0,1.000,ioie,"joye,",joye~;,joye~;,"joye,","joye,"
scene1.txt,132,789,7,minor_graphic_safe,hide_safe,yes,masquable:rule_based,historic_graphic_key_identity,i_j,ie | je,"ie=[1] | je=[2,3,4,5]",,2,1,0.500,1,0.500,0,0,1.000,ie,ie,je,je,je,je
scene1.txt,132,789,9,minor_graphic_safe,hide_safe,yes,masquable:rule_based,historic_graphic_key_identity,u_v,liure | livre,"liure=[1] | livre=[2,3,4,5]",,2,1,0.800,1,0.800,0,0,1.000,liure,liure,livre,livre,livre,livre
scene1.txt,133,795,5,minor_punctuation,hide_safe,yes,masquable:rule_based,literal_identity;punctuation_only,punctuation_only,trépas.… | trépas… | trépas….,"trépas.…=[4] | trépas…=[3] | trépas….=[1,2,5]",,3,1,0.900,1,0.900,0,0,1.000,trepas,trépas….,trépas….,trépas…,trépas.…,trépas….
scene1.txt,135,808,4,minor_punctuation,hide_safe,yes,masquable:rule_based,punctuation_only,punctuation_only,"rigueur, | rigueur~!","rigueur,=[1,5] | rigueur~!=[2,3,4]",,2,2,0.778,2,0.778,0,0,1.000,rigueur,"rigueur,",rigueur~!,rigueur~!,rigueur~!,"rigueur,"
scene1.txt,136,814,7,substantive,visible,no,visible:do_not_hide,short_token_protected,short_token_protected,fond | fonds,"fond=[4] | fonds=[1,2,3,5]",,2,1,0.800,1,0.800,1,1,0.800,fond | fonds,fonds,fonds,fonds,fond,fonds
scene1.txt,137,820,1,minor_graphic_safe,hide_safe,yes,masquable:rule_based,historic_graphic_key_identity,i_j,Ie | Je,"Ie=[1] | Je=[2,3,4,5]",,2,1,0.500,1,0.500,0,0,1.000,ie,Ie,Je,Je,Je,Je
scene1.txt,137,820,8,minor_punctuation,hide_safe,yes,masquable:rule_based,punctuation_only,punctuation_only,"l’Empire, | l’Empire.","l’Empire,=[1,5] | l’Empire.=[2,3,4]",,2,1,0.889,1,0.889,0,0,1.000,lempire,"l’Empire,",l’Empire.,l’Empire.,l’Empire.,"l’Empire,"
scene1.txt,138,826,2,minor_graphic_safe,hide_safe,yes,masquable:rule_based,historic_graphic_key_identity,accent+i_j+narrow_historic_lexical+punctuation_removed_for_graphic_key+i_j+narrow_historic_lexical+punctuation_removed_for_graphic_key,"tousiours, | tousjours, | toûjours,","tousiours,=[1] | tousjours,=[5] | toûjours,=[2,3,4]",,3,3,0.700,3,0.700,0,0,1.000,touiours,"tousiours,","toûjours,","toûjours,","toûjours,","tousjours,"
scene1.txt,138,826,8,minor_graphic_safe,hide_safe,yes,masquable:rule_based,historic_graphic_key_identity,i_j,ie | je,"ie=[1,5] | je=[2,3,4]",,2,1,0.500,1,0.500,0,0,1.000,ie,ie,je,je,je,ie
scene1.txt,139,832,5,minor_spacing,hide_safe,yes,masquable:rule_based,spacing_or_hyphen_only,spacing_or_hyphen_only,mal-heurs | malheurs,"mal-heurs=[2,3] | malheurs=[1,4,5]",,2,1,0.889,1,0.889,0,0,1.000,malheurs,malheurs,mal-heurs,mal-heurs,malheurs,malheurs
scene1.txt,140,838,8,minor_punctuation,hide_safe,yes,masquable:rule_based,punctuation_only,punctuation_only,"amitié, | amitié~;","amitié,=[4] | amitié~;=[1,2,3,5]",,2,2,0.750,2,0.750,0,0,1.000,amitie,amitié~;,amitié~;,amitié~;,"amitié,",amitié~;
scene1.txt,141,844,9,minor_graphic_safe,hide_safe,yes,masquable:rule_based,historic_graphic_key_identity,accent+historic_s_before_consonant+punctuation_removed_for_graphic_key,"mesme, | même,","mesme,=[1,2,3,5] | même,=[4]",,2,2,0.667,2,0.667,0,0,1.000,meme,"mesme,","mesme,","mesme,","même,","mesme,"
scene1.txt,142,850,5,minor_graphic_safe,hide_safe,yes,masquable:rule_based,accent_only,accent,cet | cét,"cet=[2,3,4] | cét=[1,5]",,2,1,0.667,1,0.667,0,0,1.000,cet,cét,cet,cet,cet,cét
scene1.txt,142,850,7,minor_graphic_safe,hide_safe,yes,masquable:rule_based,accent_only,accent,supréme~; | suprême~;,"supréme~;=[1,2,3,5] | suprême~;=[4]",,2,1,0.889,1,0.889,0,0,1.000,supreme,supréme~;,supréme~;,supréme~;,suprême~;,supréme~;
scene1.txt,143,856,3,minor_graphic_safe,hide_safe,yes,masquable:rule_based,historic_graphic_key_identity,apostrophe+u_v,qu’un | qu’vn,"qu’un=[2,3,4,5] | qu’vn=[1]",,2,1,0.800,1,0.800,0,0,1.000,quun,qu’vn,qu’un,qu’un,qu’un,qu’un
scene1.txt,143,856,7,minor_graphic_safe,hide_safe,yes,masquable:rule_based,historic_graphic_key_identity,u_v,receura | recevra,"receura=[1] | recevra=[2,3,4,5]",,2,1,0.857,1,0.857,0,0,1.000,receura,receura,recevra,recevra,recevra,recevra
scene1.txt,146,874,2,minor_graphic_safe,hide_safe,yes,masquable:rule_based,historic_graphic_key_identity,accent+i_j+narrow_historic_lexical+i_j+narrow_historic_lexical,tousiours | tousjours | toûjours,"tousiours=[1] | tousjours=[5] | toûjours=[2,3,4]",,3,3,0.667,3,0.667,0,0,1.000,touiours,tousiours,toûjours,toûjours,toûjours,tousjours
scene1.txt,146,874,5,minor_graphic_safe,hide_safe,yes,masquable:rule_based,historic_graphic_key_identity,u_v,un | vn,"un=[2,3,4,5] | vn=[1]",,2,1,0.500,1,0.500,0,0,1.000,un,vn,un,un,un,un
scene1.txt,147,880,2,minor_graphic_safe,hide_safe,yes,masquable:rule_based,accent_only,accent,cet | cét,"cet=[3,4] | cét=[1,2,5]",,2,1,0.667,1,0.667,0,0,1.000,cet,cét,cét,cet,cet,cét
scene1.txt,149,892,8,mixed_minor_and_substantive,visible,no,visible:do_not_hide;contains_substantive_component,historic_graphic_key_identity;low_similarity_or_real_rewriting,substantive_default+u_v,treuuent | treuvent | trouvent,"treuuent=[1] | treuvent=[5] | trouvent=[2,3,4]",,3,2,0.750,2,0.750,1,1,0.875,treuuent | trouuent,treuuent,trouvent,trouvent,trouvent,treuvent
scene1.txt,151,904,2,substantive,visible,no,visible:do_not_hide,short_token_protected,short_token_protected,que | si,"que=[1,5] | si=[2,3,4]",,2,3,0.000,3,0.000,3,3,0.000,que | si,que,si,si,si,que
scene1.txt,151,904,4,minor_graphic_safe,hide_safe,yes,masquable:rule_based,accent_only,accent,Diadéme | Diadême,"Diadéme=[1,5] | Diadême=[2,3,4]",,2,1,0.857,1,0.857,0,0,1.000,diademe,Diadéme,Diadême,Diadême,Diadême,Diadéme
scene1.txt,151,904,5,substantive,visible,no,visible:do_not_hide,short_token_protected,short_token_protected,a | ait,"a=[2,3,4] | ait=[1,5]",,2,2,0.333,2,0.333,2,2,0.333,a | ait,ait,a,a,a,ait
scene1.txt,152,910,3,minor_spacing,hide_safe,yes,masquable:rule_based,spacing_or_hyphen_only,spacing_or_hyphen_only,consolez-moy | consolez~moy,"consolez-moy=[1,3,4,5] | consolez~moy=[2]",,2,1,0.917,1,0.917,0,0,1.000,consolesmoi,consolez-moy,consolez~moy,consolez-moy,consolez-moy,consolez-moy
scene1.txt,152,910,8,minor_punctuation,hide_safe,yes,masquable:rule_based,punctuation_only,punctuation_only,"Paix, | paix.","Paix,=[1,5] | paix.=[2,3,4]",,2,2,0.600,2,0.600,0,0,1.000,pais,"Paix,",paix.,paix.,paix.,"Paix,"
scene1.txt,153,916,-1,whole_line_variant,visible,no,visible:do_not_hide,whole_line_variant_marker_or_lacuna,whole_line_variant_marker_or_lacuna," Accordez cette grace aux larmes d’une Mere. |  Accordez quelque tréve à ma douleur amere,"," Accordez cette grace aux larmes d’une Mere.=[4] |  Accordez quelque tréve à ma douleur amere,=[1,2,3,5]",,2,,,,,,,,acordezcetegraceauxlarmesdunemere | acordezquelquetreueamadouleuramere," Accordez quelque tréve à ma douleur amere,"," Accordez quelque tréve à ma douleur amere,"," Accordez quelque tréve à ma douleur amere,", Accordez cette grace aux larmes d’une Mere.," Accordez quelque tréve à ma douleur amere,"
scene1.txt,154,922,5,minor_graphic_safe,hide_safe,yes,masquable:rule_based,historic_graphic_key_identity,apostrophe+i_j+y_i,j’irai | j’iray,"j’irai=[3] | j’iray=[1,2,4,5]",,2,1,0.833,1,0.833,0,0,1.000,iirai,j’iray,j’iray,j’irai,j’iray,j’iray
scene1.txt,155,928,7,minor_spacing,hide_safe,yes,masquable:rule_based,spacing_or_hyphen_only,spacing_or_hyphen_only,peut-estre | peut~estre,"peut-estre=[2,3,4] | peut~estre=[1,5]",,2,1,0.900,1,0.900,0,0,1.000,peutestre,peut~estre,peut-estre,peut-estre,peut-estre,peut~estre
scene1.txt,156,934,6,minor_graphic_safe,hide_safe,yes,masquable:rule_based,historic_graphic_key_identity,apostrophe+i_j+y_i,j’irai | j’iray,"j’irai=[3] | j’iray=[1,2,4,5]",,2,1,0.833,1,0.833,0,0,1.000,iirai,j’iray,j’iray,j’irai,j’iray,j’iray
scene1.txt,156,934,7,minor_graphic_safe,hide_safe,yes,masquable:rule_based,historic_graphic_key_identity,y_i,lui | luy,"lui=[2,3] | luy=[1,4,5]",,2,1,0.667,1,0.667,0,0,1.000,lui,luy,lui,lui,luy,luy
scene1.txt,156,934,9,minor_case,hide_safe,yes,masquable:rule_based,case_only,case_only,Adieu. | adieu.,"Adieu.=[1,5] | adieu.=[2,3,4]",,2,1,0.833,1,0.833,0,0,1.000,adieu,Adieu.,adieu.,adieu.,adieu.,Adieu.
scene1.txt,157,940,7,minor_graphic_safe,hide_safe,yes,masquable:rule_based,historic_graphic_key_identity,i_j,ie | je,"ie=[1] | je=[2,3,4,5]",,2,1,0.500,1,0.500,0,0,1.000,ie,ie,je,je,je,je
scene1.txt,158,946,1,minor_graphic_safe,hide_safe,yes,masquable:rule_based,historic_graphic_key_identity,apostrophe+i_j+y_i,I’iray | J’irai | J’iray,"I’iray=[1] | J’irai=[3] | J’iray=[2,4,5]",,3,2,0.667,2,0.667,0,0,1.000,iirai,I’iray,J’iray,J’irai,J’iray,J’iray
scene1.txt,158,946,6,minor_graphic_safe,hide_safe,yes,masquable:rule_based,historic_graphic_key_identity,apostrophe+i_j+y_i,j’irai | j’iray,"j’irai=[3] | j’iray=[1,2,4,5]",,2,1,0.833,1,0.833,0,0,1.000,iirai,j’iray,j’iray,j’irai,j’iray,j’iray
scene1.txt,159,952,-1,whole_line_variant,visible,no,visible:do_not_hide,whole_line_variant_marker_or_lacuna,whole_line_variant_marker_or_lacuna, Dans cette occasion rien ne peut m’émouuoir. |  Dans cette occasion rien ne peut m’émouvoir. |  Par mes justes soupirs j’espere l’émouvoir.," Dans cette occasion rien ne peut m’émouuoir.=[1] |  Dans cette occasion rien ne peut m’émouvoir.=[2,3,5] |  Par mes justes soupirs j’espere l’émouvoir.=[4]",,3,,,,,,,,dansceteocasionrienepeutmemouuoir | parmesiustesoupirsiesperelemouuoir, Dans cette occasion rien ne peut m’émouuoir., Dans cette occasion rien ne peut m’émouvoir., Dans cette occasion rien ne peut m’émouvoir., Par mes justes soupirs j’espere l’émouvoir., Dans cette occasion rien ne peut m’émouvoir.
scene1.txt,161,965,6,minor_graphic_safe,hide_safe,yes,masquable:rule_based,historic_graphic_key_identity,final_zx_s+u_v,pouuez | pouvez,"pouuez=[1] | pouvez=[2,3,4,5]",,2,1,0.833,1,0.833,0,0,1.000,pouues,pouuez,pouvez,pouvez,pouvez,pouvez
scene1.txt,161,965,7,mixed_minor_and_substantive,visible,no,visible:do_not_hide;contains_substantive_component,low_similarity_or_real_rewriting;punctuation_only,punctuation_only+substantive_default,bien~voir. | revoir. | revoir~;,"bien~voir.=[1,5] | revoir.=[2,3] | revoir~;=[4]",,3,6,0.400,6,0.400,3,3,0.625,bienuoir | reuoir,bien~voir.,revoir.,revoir.,revoir~;,bien~voir.
scene1.txt,162,971,4,minor_graphic_safe,hide_safe,yes,masquable:rule_based,historic_graphic_key_identity,accent+u_v,entreueuë | entreveuë,"entreueuë=[1] | entreveuë=[2,3,4,5]",,2,1,0.889,1,0.889,0,0,1.000,entreueue,entreueuë,entreveuë,entreveuë,entreveuë,entreveuë
scene1.txt,162,971,5,minor_graphic_safe,hide_safe,yes,masquable:rule_based,accent_only,accent,a | à,"a=[2,3,4] | à=[1,5]",,2,1,0.000,1,0.000,0,0,1.000,a,à,a,a,a,à
scene1.txt,163,977,5,minor_graphic_safe,hide_safe,yes,masquable:rule_based,historic_graphic_key_identity,y_i,lui | luy,"lui=[3] | luy=[1,2,4,5]",,2,1,0.667,1,0.667,0,0,1.000,lui,luy,luy,lui,luy,luy
scene1.txt,163,977,9,minor_punctuation,hide_safe,yes,masquable:rule_based,punctuation_only,punctuation_only,"armes, | armes~:","armes,=[1,2,3,5] | armes~:=[4]",,2,2,0.714,2,0.714,0,0,1.000,armes,"armes,","armes,","armes,",armes~:,"armes,"
scene1.txt,164,983,2,minor_graphic_safe,hide_safe,yes,masquable:rule_based,historic_graphic_key_identity,final_zx_s+u_v,pouuez | pouvez,"pouuez=[1] | pouvez=[2,3,4,5]",,2,1,0.833,1,0.833,0,0,1.000,pouues,pouuez,pouvez,pouvez,pouvez,pouvez
scene1.txt,166,995,1,mixed_minor_and_substantive,visible,no,visible:do_not_hide;contains_substantive_component,high_graphic_similarity:0.941;historic_graphic_key_identity;low_similarity_or_real_rewriting,i_j+punctuation_removed_for_graphic_key+spacing_or_hyphen+y_i+levenshtein_alert+substantive_default,"Ie~feray~plus~encore, | Je~ferai~plus~encore, | Je~feray~plus~encor, | Je~feray~plus~encore, | J’iray~plus~loin~encore,","Ie~feray~plus~encore,=[1] | Je~ferai~plus~encore,=[3] | Je~feray~plus~encor,=[2] | Je~feray~plus~encore,=[5] | J’iray~plus~loin~encore,=[4]",,5,10,0.583,10,0.583,8,8,0.579,ieferaiplusencor | ieferaiplusencore | iiraiplusloinencore,"Ie~feray~plus~encore,","Je~feray~plus~encor,","Je~ferai~plus~encore,","J’iray~plus~loin~encore,","Je~feray~plus~encore,"
scene1.txt,166,995,5,substantive,visible,no,visible:do_not_hide,low_similarity_or_real_rewriting,substantive_default,"connaistre, | connoistre,","connaistre,=[2,3,4] | connoistre,=[1,5]",,2,1,0.909,1,0.909,1,1,0.889,conaistre | conoistre,"connoistre,","connaistre,","connaistre,","connaistre,","connoistre,"
scene1.txt,167,1001,9,minor_graphic_safe,hide_safe,yes,masquable:rule_based,historic_graphic_key_identity,u_v,un | vn,"un=[2,3,4,5] | vn=[1]",,2,1,0.500,1,0.500,0,0,1.000,un,vn,un,un,un,un
scene1.txt,168,1007,3,minor_graphic_safe,hide_safe,yes,masquable:rule_based,historic_graphic_key_identity,i_j,ie | je,"ie=[1] | je=[2,3,4,5]",,2,1,0.500,1,0.500,0,0,1.000,ie,ie,je,je,je,je
scene1.txt,168,1007,7,minor_graphic_safe,hide_safe,yes,masquable:rule_based,historic_graphic_key_identity,u_v,un | vn,"un=[2,3,4,5] | vn=[1]",,2,1,0.500,1,0.500,0,0,1.000,un,vn,un,un,un,un
scene1.txt,169,1013,7,minor_case,hide_safe,yes,masquable:rule_based,case_only,case_only,Peuple | peuple,"Peuple=[1,2,5] | peuple=[3,4]",,2,1,0.833,1,0.833,0,0,1.000,peuple,Peuple,Peuple,peuple,peuple,Peuple
scene1.txt,169,1013,10,minor_case,hide_safe,yes,masquable:rule_based,case_only,case_only,Dieux. | dieux.,"Dieux.=[1,5] | dieux.=[2,3,4]",,2,1,0.833,1,0.833,0,0,1.000,dieus,Dieux.,dieux.,dieux.,dieux.,Dieux.
scene1.txt,170,1019,3,minor_case,hide_safe,yes,masquable:rule_based,case_only,case_only,Peuple | peuple,"Peuple=[1,2,3,5] | peuple=[4]",,2,1,0.833,1,0.833,0,0,1.000,peuple,Peuple,Peuple,Peuple,peuple,Peuple
scene1.txt,170,1019,4,substantive,visible,no,visible:do_not_hide,low_similarity_or_real_rewriting,substantive_default,"le~veut, | y~consent,","le~veut,=[1,2,3,5] | y~consent,=[4]",,2,7,0.300,7,0.300,6,6,0.250,iconsent | leueut,"le~veut,","le~veut,","le~veut,","y~consent,","le~veut,"
scene1.txt,170,1019,5,minor_graphic_safe,hide_safe,yes,masquable:rule_based,historic_graphic_key_identity,i_j,ie | je,"ie=[1] | je=[2,3,4,5]",,2,1,0.500,1,0.500,0,0,1.000,ie,ie,je,je,je,je
scene1.txt,170,1019,6,minor_graphic_safe,hide_safe,yes,masquable:rule_based,historic_graphic_key_identity,y_i,lui | luy,"lui=[3] | luy=[1,2,4,5]",,2,1,0.667,1,0.667,0,0,1.000,lui,luy,luy,lui,luy,luy
scene1.txt,170,1019,9,minor_punctuation,hide_safe,yes,masquable:rule_based,punctuation_only,punctuation_only,"place, | place.","place,=[1,5] | place.=[2,3,4]",,2,1,0.833,1,0.833,0,0,1.000,place,"place,",place.,place.,place.,"place,"
scene1.txt,171,1025,5,mixed_minor_and_substantive,visible,no,visible:do_not_hide;contains_substantive_component,historic_graphic_key_identity;low_similarity_or_real_rewriting,double_consonant+y_i+substantive_default,aussi | aussy | enfin,"aussi=[1,5] | aussy=[2] | enfin=[3,4]",,3,5,0.000,5,0.000,4,4,0.200,ausi | enfin,aussi,aussy,enfin,enfin,aussi
scene1.txt,171,1025,8,minor_case,hide_safe,yes,masquable:rule_based,case_only,case_only,Peuple | peuple,"Peuple=[1,2,3,5] | peuple=[4]",,2,1,0.833,1,0.833,0,0,1.000,peuple,Peuple,Peuple,Peuple,peuple,Peuple
scene1.txt,172,1031,1,minor_graphic_safe,hide_safe,yes,masquable:rule_based,historic_graphic_key_identity,i_j,Ie | Je,"Ie=[1] | Je=[2,3,4,5]",,2,1,0.500,1,0.500,0,0,1.000,ie,Ie,Je,Je,Je,Je
scene1.txt,172,1031,8,minor_graphic_safe,hide_safe,yes,masquable:rule_based,historic_graphic_key_identity,y_i,foi | foy,"foi=[3] | foy=[1,2,4,5]",,2,1,0.667,1,0.667,0,0,1.000,foi,foy,foy,foi,foy,foy
scene1.txt,173,1037,8,minor_graphic_safe,hide_safe,yes,masquable:rule_based,historic_graphic_key_identity,u_v,un | vn,"un=[2,3,4,5] | vn=[1]",,2,1,0.500,1,0.500,0,0,1.000,un,vn,un,un,un,un
scene1.txt,173,1037,9,minor_graphic_safe,hide_safe,yes,masquable:rule_based,historic_graphic_key_identity,punctuation_removed_for_graphic_key+y_i,Roi. | Roy.,"Roi.=[3] | Roy.=[1,2,4,5]",,2,1,0.750,1,0.750,0,0,1.000,roi,Roy.,Roy.,Roi.,Roy.,Roy.
scene2.txt,4,19,1,substantive,visible,no,visible:do_not_hide,short_token_protected,short_token_protected,(lacune) | au,"(lacune)=[2,3,4] | au=[1,5]",,2,6,0.250,6,0.250,4,4,0.333,au | lacune,au,(lacune),(lacune),(lacune),au
scene2.txt,4,19,2,substantive,visible,no,visible:do_not_hide,short_token_protected,short_token_protected,Roy. | [Ø],"Roy.=[1,5] | [Ø]=[2,3,4]",,2,4,0.000,4,0.000,3,3,0.000,roi | ø,Roy.,[Ø],[Ø],[Ø],Roy.
scene2.txt,6,31,5,minor_punctuation,hide_safe,yes,masquable:rule_based,punctuation_only,punctuation_only,"perdre | perdre,","perdre=[1,2,5] | perdre,=[3,4]",,2,1,0.857,1,0.857,0,0,1.000,perdre,perdre,perdre,"perdre,","perdre,",perdre
scene2.txt,7,37,1,minor_graphic_safe,hide_safe,yes,masquable:rule_based,historic_graphic_key_identity,accent+apostrophe+u_v,L’épouuante | L’épouvante,"L’épouuante=[1] | L’épouvante=[2,3,4,5]",,2,1,0.909,1,0.909,0,0,1.000,lepouuante,L’épouuante,L’épouvante,L’épouvante,L’épouvante,L’épouvante
scene2.txt,8,43,8,minor_graphic_safe,hide_safe,yes,masquable:rule_based,historic_graphic_key_identity,final_t_before_s+punctuation_removed_for_graphic_key,rempars. | remparts.,"rempars.=[1,2,3,5] | remparts.=[4]",,2,1,0.889,1,0.889,0,0,1.000,rempars,rempars.,rempars.,rempars.,remparts.,rempars.
scene2.txt,11,61,5,minor_graphic_safe,hide_safe,yes,masquable:rule_based,historic_graphic_key_identity,u_v,retrouuer | retrouver,"retrouuer=[1] | retrouver=[2,3,4,5]",,2,1,0.889,1,0.889,0,0,1.000,retrouuer,retrouuer,retrouver,retrouver,retrouver,retrouver
scene2.txt,12,67,3,minor_graphic_safe,hide_safe,yes,masquable:rule_based,historic_graphic_key_identity,final_zx_s+u_v,pouuez | pouvez,"pouuez=[1] | pouvez=[2,3,4,5]",,2,1,0.833,1,0.833,0,0,1.000,pouues,pouuez,pouvez,pouvez,pouvez,pouvez
scene2.txt,15,85,7,minor_graphic_safe,hide_safe,yes,masquable:rule_based,historic_graphic_key_identity,accent+double_consonant+punctuation_removed_for_graphic_key+y_i,"obeyssance, | obeïssance,","obeyssance,=[1,5] | obeïssance,=[2,3,4]",,2,1,0.909,1,0.909,0,0,1.000,obeisance,"obeyssance,","obeïssance,","obeïssance,","obeïssance,","obeyssance,"
scene2.txt,16,91,3,minor_graphic_safe,hide_safe,yes,masquable:rule_based,historic_graphic_key_identity,u_v,receuoir | recevoir,"receuoir=[1] | recevoir=[2,3,4,5]",,2,1,0.875,1,0.875,0,0,1.000,receuoir,receuoir,recevoir,recevoir,recevoir,recevoir
scene2.txt,16,91,8,minor_graphic_safe,hide_safe,yes,masquable:rule_based,historic_graphic_key_identity,final_zx_s+punctuation_removed_for_graphic_key+y_i,"loix, | loys,","loix,=[2,3,4] | loys,=[1,5]",,2,2,0.600,2,0.600,0,0,1.000,lois,"loys,","loix,","loix,","loix,","loys,"
scene2.txt,17,97,3,minor_graphic_safe,hide_safe,yes,masquable:rule_based,accent_only,accent,"Menécée, | Ménécée,","Menécée,=[2,3,4] | Ménécée,=[1,5]",,2,1,0.875,1,0.875,0,0,1.000,menecee,"Ménécée,","Menécée,","Menécée,","Menécée,","Ménécée,"
scene2.txt,18,103,8,substantive,visible,no,visible:do_not_hide,short_token_protected,short_token_protected,de | du,"de=[2,4] | du=[1,3,5]",,2,1,0.500,1,0.500,1,1,0.500,de | du,du,de,du,de,du
scene2.txt,19,109,4,minor_case,hide_safe,yes,masquable:rule_based,case_only,case_only,Ennemis | ennemis,"Ennemis=[1,5] | ennemis=[2,3,4]",,2,1,0.857,1,0.857,0,0,1.000,enemis,Ennemis,ennemis,ennemis,ennemis,Ennemis
scene2.txt,20,115,8,minor_punctuation,hide_safe,yes,masquable:rule_based,punctuation_only,punctuation_only,"assurez, | assurez.","assurez,=[1,5] | assurez.=[2,3,4]",,2,1,0.875,1,0.875,0,0,1.000,asures,"assurez,",assurez.,assurez.,assurez.,"assurez,"
scene2.txt,22,127,2,minor_graphic_safe,hide_safe,yes,masquable:rule_based,accent_only,accent,Creon. | Créon.,"Creon.=[2,3,4,5] | Créon.=[1]",,2,1,0.833,1,0.833,0,0,1.000,creon,Créon.,Creon.,Creon.,Creon.,Creon.
scene2.txt,23,133,5,minor_graphic_safe,hide_safe,yes,masquable:rule_based,historic_graphic_key_identity,final_zx_s+punctuation_removed_for_graphic_key+u_v,suiurez. | suivrez.,"suiurez.=[1] | suivrez.=[2,3,4,5]",,2,1,0.875,1,0.875,0,0,1.000,suiures,suiurez.,suivrez.,suivrez.,suivrez.,suivrez.
scene2.txt,25,145,1,minor_graphic_safe,hide_safe,yes,masquable:rule_based,historic_graphic_key_identity,punctuation_removed_for_graphic_key+y_i,"Quoi, | Quoy,","Quoi,=[3] | Quoy,=[1,2,4,5]",,2,1,0.800,1,0.800,0,0,1.000,quoi,"Quoy,","Quoy,","Quoi,","Quoy,","Quoy,"
scene2.txt,27,157,1,minor_graphic_safe,hide_safe,yes,masquable:rule_based,accent_only;historic_graphic_key_identity,accent+accent+punctuation_removed_for_graphic_key+y_i,"Ouy, | Oüi, | Oüy","Ouy,=[4] | Oüi,=[3] | Oüy=[1,2,5]",,3,2,0.500,2,0.500,0,0,1.000,oui,Oüy,Oüy,"Oüi,","Ouy,",Oüy
scene2.txt,27,157,2,minor_graphic_safe,hide_safe,yes,masquable:rule_based,accent_only,accent,"Creon, | Créon,","Creon,=[2,3,4] | Créon,=[1,5]",,2,1,0.833,1,0.833,0,0,1.000,creon,"Créon,","Creon,","Creon,","Creon,","Créon,"
scene3.txt,4,19,2,minor_punctuation,hide_safe,yes,masquable:rule_based,punctuation_only,punctuation_only,"Fille | Fille,","Fille=[2,3,4] | Fille,=[1,5]",,2,1,0.833,1,0.833,0,0,1.000,file,"Fille,",Fille,Fille,Fille,"Fille,"
scene3.txt,4,19,3,minor_mixed,hide_safe,yes,masquable:rule_based,historic_graphic_key_identity;spacing_or_hyphen_only,final_zx_s+spacing_or_hyphen+u_v+spacing_or_hyphen_only,auez~vous | avez-vous | avez~vous,"auez~vous=[1] | avez-vous=[2] | avez~vous=[3,4,5]",,3,2,0.778,2,0.778,0,0,1.000,auesuous,auez~vous,avez-vous,avez~vous,avez~vous,avez~vous
scene3.txt,4,19,8,minor_punctuation,hide_safe,yes,masquable:rule_based,punctuation_only,punctuation_only,miseres. | miseres~?,"miseres.=[1,5] | miseres~?=[2,3,4]",,2,2,0.778,2,0.778,0,0,1.000,miseres,miseres.,miseres~?,miseres~?,miseres~?,miseres.
scene3.txt,6,31,1,minor_graphic_safe,hide_safe,yes,masquable:rule_based,accent_only,accent,"Ouy, | Oüy,","Ouy,=[4] | Oüy,=[1,2,3,5]",,2,1,0.750,1,0.750,0,0,1.000,oui,"Oüy,","Oüy,","Oüy,","Ouy,","Oüy,"
scene3.txt,8,43,-1,whole_line_variant,visible,no,visible:do_not_hide,whole_line_variant_marker_or_lacuna,whole_line_variant_marker_or_lacuna,"Allons, chere Antigone, & courons de ce pas, | Allons, chere Antigone, allons tout de ce pas,","Allons, chere Antigone, & courons de ce pas,=[4] | Allons, chere Antigone, allons tout de ce pas,=[1,2,3,5]",,2,,,,,,,,alonschereantigonealonstoutdecepas | alonschereantigonecouronsdecepas,"Allons, chere Antigone, allons tout de ce pas,","Allons, chere Antigone, allons tout de ce pas,","Allons, chere Antigone, allons tout de ce pas,","Allons, chere Antigone, & courons de ce pas,","Allons, chere Antigone, allons tout de ce pas,"
scene3.txt,9,49,7,minor_punctuation,hide_safe,yes,masquable:rule_based,punctuation_only,punctuation_only,"bras, | bras.","bras,=[1,5] | bras.=[2,3,4]",,2,1,0.800,1,0.800,0,0,1.000,bras,"bras,",bras.,bras.,bras.,"bras,"
scene3.txt,12,67,8,minor_punctuation,hide_safe,yes,masquable:rule_based,punctuation_only,punctuation_only,"fureur | fureur,","fureur=[1,5] | fureur,=[2,3,4]",,2,1,0.857,1,0.857,0,0,1.000,fureur,fureur,"fureur,","fureur,","fureur,",fureur
scene3.txt,13,73,1,mixed_minor_and_substantive,visible,no,visible:do_not_hide;contains_substantive_component,accent_only;low_similarity_or_real_rewriting,accent+substantive_default,Repandre | Respandre | Répandre,"Repandre=[2] | Respandre=[1,5] | Répandre=[3,4]",,3,2,0.778,2,0.778,1,1,0.889,repandre | respandre,Respandre,Repandre,Répandre,Répandre,Respandre
scene3.txt,15,86,5,minor_graphic_safe,hide_safe,yes,masquable:rule_based,historic_graphic_key_identity,u_v+y_i,voici | voicy,"voici=[3] | voicy=[1,2,4,5]",,2,1,0.800,1,0.800,0,0,1.000,uoici,voicy,voicy,voici,voicy,voicy
scene3.txt,15,86,8,minor_mixed,hide_safe,yes,masquable:rule_based,historic_graphic_key_identity;spacing_or_hyphen_only,accent+historic_s_before_consonant+punctuation_removed_for_graphic_key+spacing_or_hyphen+accent+historic_s_before_consonant+punctuation_removed_for_graphic_key+spacing_or_hyphen+y_i+historic_s_before_consonant+punctuation_removed_for_graphic_key+spacing_or_hyphen+y_i+spacing_or_hyphen_only,lui-mesme. | lui-même. | luy-mesme. | luy~mesme.,"lui-mesme.=[3] | lui-même.=[4] | luy-mesme.=[2] | luy~mesme.=[1,5]",,4,4,0.600,4,0.600,0,0,1.000,luimeme,luy~mesme.,luy-mesme.,lui-mesme.,lui-même.,luy~mesme.
scene4.txt,4,19,1,minor_mixed,hide_safe,yes,masquable:rule_based,case_only;historic_graphic_key_identity,apostrophe+final_zx_s+spacing_or_hyphen+u_v+case_only,QU’avez-vous | QV’auez-vous | Qu’avez-vous,"QU’avez-vous=[2,3,4] | QV’auez-vous=[1] | Qu’avez-vous=[5]",,3,2,0.833,2,0.833,0,0,1.000,quauesuous,QV’auez-vous,QU’avez-vous,QU’avez-vous,QU’avez-vous,Qu’avez-vous
scene4.txt,4,19,7,minor_punctuation,hide_safe,yes,masquable:rule_based,punctuation_only,punctuation_only,"conduite | conduite,","conduite=[2,3,4] | conduite,=[1,5]",,2,1,0.889,1,0.889,0,0,1.000,conduite,"conduite,",conduite,conduite,conduite,"conduite,"
scene4.txt,5,25,1,minor_spacing,hide_safe,yes,masquable:rule_based,spacing_or_hyphen_only,spacing_or_hyphen_only,Forcez-vous | Forcez~vous,"Forcez-vous=[2,3,4] | Forcez~vous=[1,5]",,2,1,0.909,1,0.909,0,0,1.000,forcesuous,Forcez~vous,Forcez-vous,Forcez-vous,Forcez-vous,Forcez~vous
scene4.txt,5,25,2,minor_graphic_safe,hide_safe,yes,masquable:rule_based,historic_graphic_key_identity,u_v,un | vn,"un=[2,3,4,5] | vn=[1]",,2,1,0.500,1,0.500,0,0,1.000,un,vn,un,un,un,un
scene4.txt,5,25,6,minor_graphic_safe,hide_safe,yes,masquable:rule_based,historic_graphic_key_identity,y_i,ainsi | ainsy,"ainsi=[1,3,4,5] | ainsy=[2]",,2,1,0.800,1,0.800,0,0,1.000,ainsi,ainsi,ainsy,ainsi,ainsi,ainsi
scene4.txt,8,43,4,minor_graphic_safe,hide_safe,yes,masquable:rule_based,historic_graphic_key_identity,punctuation_removed_for_graphic_key+u_v,"conseruer, | conserver,","conseruer,=[1] | conserver,=[2,3,4,5]",,2,1,0.900,1,0.900,0,0,1.000,conseruer,"conseruer,","conserver,","conserver,","conserver,","conserver,"
scene4.txt,9,49,9,minor_graphic_safe,hide_safe,yes,masquable:rule_based,historic_graphic_key_identity,punctuation_removed_for_graphic_key+u_v,sauuer. | sauver.,"sauuer.=[1] | sauver.=[2,3,4,5]",,2,1,0.857,1,0.857,0,0,1.000,sauuer,sauuer.,sauver.,sauver.,sauver.,sauver.
scene4.txt,11,61,2,minor_graphic_safe,hide_safe,yes,masquable:rule_based,historic_graphic_key_identity,punctuation_removed_for_graphic_key+y_i,"quoi, | quoy,","quoi,=[2,3] | quoy,=[1,4,5]",,2,1,0.800,1,0.800,0,0,1.000,quoi,"quoy,","quoi,","quoi,","quoy,","quoy,"
scene4.txt,11,61,5,minor_graphic_safe,hide_safe,yes,masquable:rule_based,historic_graphic_key_identity,punctuation_removed_for_graphic_key+y_i,"quoi, | quoy,","quoi,=[2,3] | quoy,=[1,4,5]",,2,1,0.800,1,0.800,0,0,1.000,quoi,"quoy,","quoi,","quoi,","quoy,","quoy,"
scene4.txt,11,61,8,minor_graphic_safe,hide_safe,yes,masquable:rule_based,accent_only,accent,ou | où,"ou=[1,5] | où=[2,3,4]",,2,1,0.500,1,0.500,0,0,1.000,ou,ou,où,où,où,ou
scene4.txt,11,61,10,minor_graphic_safe,hide_safe,yes,masquable:rule_based,historic_graphic_key_identity,accent+double_consonant+punctuation_removed_for_graphic_key,"sommes, | sõmes,","sommes,=[1,2,3,5] | sõmes,=[4]",,2,2,0.714,2,0.714,0,0,1.000,somes,"sommes,","sommes,","sommes,","sõmes,","sommes,"
scene4.txt,12,67,1,minor_graphic_safe,hide_safe,yes,masquable:rule_based,historic_graphic_key_identity,apostrophe+spacing_or_hyphen+u_v,Lors~qu’auec | Lors~qu’avec,"Lors~qu’auec=[1] | Lors~qu’avec=[2,3,4,5]",,2,1,0.917,1,0.917,0,0,1.000,lorsquauec,Lors~qu’auec,Lors~qu’avec,Lors~qu’avec,Lors~qu’avec,Lors~qu’avec
scene4.txt,12,67,2,minor_graphic_safe,hide_safe,yes,masquable:rule_based,historic_graphic_key_identity,u_v,un | vn,"un=[2,3,4,5] | vn=[1]",,2,1,0.500,1,0.500,0,0,1.000,un,vn,un,un,un,un
scene4.txt,14,79,2,minor_graphic_safe,hide_safe,yes,masquable:rule_based,historic_graphic_key_identity,y_i,Roi | Roy,"Roi=[2,3,4] | Roy=[1,5]",,2,1,0.667,1,0.667,0,0,1.000,roi,Roy,Roi,Roi,Roi,Roy
scene4.txt,16,91,6,minor_graphic_safe,hide_safe,yes,masquable:rule_based,historic_graphic_key_identity,accent+i_j+narrow_historic_lexical+i_j+narrow_historic_lexical,tousiours | tousjours | toûjours,"tousiours=[1] | tousjours=[5] | toûjours=[2,3,4]",,3,3,0.667,3,0.667,0,0,1.000,touiours,tousiours,toûjours,toûjours,toûjours,tousjours
scene4.txt,16,91,8,minor_punctuation,hide_safe,yes,masquable:rule_based,punctuation_only,punctuation_only,"belle, | belle.","belle,=[1,4,5] | belle.=[2,3]",,2,1,0.833,1,0.833,0,0,1.000,bele,"belle,",belle.,belle.,"belle,","belle,"
scene4.txt,17,97,7,minor_graphic_safe,hide_safe,yes,masquable:rule_based,historic_graphic_key_identity,u_v,souuent | souvent,"souuent=[1] | souvent=[2,3,4,5]",,2,1,0.857,1,0.857,0,0,1.000,souuent,souuent,souvent,souvent,souvent,souvent
scene4.txt,17,97,8,minor_graphic_safe,hide_safe,yes,masquable:rule_based,accent_only,accent,apres | aprés,"apres=[1,2,5] | aprés=[3,4]",,2,1,0.800,1,0.800,0,0,1.000,apres,apres,apres,aprés,aprés,apres
scene4.txt,20,115,5,minor_graphic_safe,hide_safe,yes,masquable:rule_based,historic_graphic_key_identity,u_v,une | vne,"une=[2,3,4,5] | vne=[1]",,2,1,0.667,1,0.667,0,0,1.000,une,vne,une,une,une,une
scene4.txt,21,121,4,minor_graphic_safe,hide_safe,yes,masquable:rule_based,historic_graphic_key_identity,narrow_historic_lexical,gagner | gaigner,"gagner=[2,3,4] | gaigner=[1,5]",,2,1,0.857,1,0.857,0,0,1.000,gagner,gaigner,gagner,gagner,gagner,gaigner
scene4.txt,23,133,2,minor_graphic_safe,hide_safe,yes,masquable:rule_based,historic_graphic_key_identity,double_consonant+final_zx_s,couroux | courroux,"couroux=[1,4,5] | courroux=[2,3]",,2,1,0.875,1,0.875,0,0,1.000,courous,couroux,courroux,courroux,couroux,couroux
scene4.txt,23,133,5,identical,hide_safe,yes,masquable:rule_based,literal_identity,literal_identity,grand.… | grand….,"grand.…=[2,3,4] | grand….=[1,5]",,2,0,1.000,0,1.000,0,0,1.000,grand,grand….,grand.…,grand.…,grand.…,grand….
scene4.txt,25,145,4,minor_graphic_safe,hide_safe,yes,masquable:rule_based,historic_graphic_key_identity,punctuation_removed_for_graphic_key+y_i,adouci. | adoucy.,"adouci.=[2,3,4] | adoucy.=[1,5]",,2,1,0.857,1,0.857,0,0,1.000,adouci,adoucy.,adouci.,adouci.,adouci.,adoucy.
scene4.txt,29,169,3,minor_punctuation,hide_safe,yes,masquable:rule_based,punctuation_only,punctuation_only,aussi. | aussi~:,"aussi.=[2,3,4] | aussi~:=[1,5]",,2,2,0.714,2,0.714,0,0,1.000,ausi,aussi~:,aussi.,aussi.,aussi.,aussi~:
scene4.txt,31,181,7,minor_graphic_safe,hide_safe,yes,masquable:rule_based,historic_graphic_key_identity,punctuation_removed_for_graphic_key+spacing_or_hyphen+u_v,souueraine~; | souveraine~;,"souueraine~;=[1] | souveraine~;=[2,3,4,5]",,2,1,0.917,1,0.917,0,0,1.000,souueraine,souueraine~;,souveraine~;,souveraine~;,souveraine~;,souveraine~;
scene4.txt,32,187,5,minor_graphic_safe,hide_safe,yes,masquable:rule_based,historic_graphic_key_identity,u_v,un | vn,"un=[2,3,4,5] | vn=[1]",,2,1,0.500,1,0.500,0,0,1.000,un,vn,un,un,un,un
scene4.txt,34,199,5,minor_graphic_safe,hide_safe,yes,masquable:rule_based,historic_graphic_key_identity,u_v,seruira | servira,"seruira=[1] | servira=[2,3,4,5]",,2,1,0.857,1,0.857,0,0,1.000,seruira,seruira,servira,servira,servira,servira
scene4.txt,34,199,7,minor_graphic_safe,hide_safe,yes,masquable:rule_based,historic_graphic_key_identity,punctuation_removed_for_graphic_key+y_i,Loi. | Loy.,"Loi.=[3] | Loy.=[1,2,4,5]",,2,1,0.750,1,0.750,0,0,1.000,loi,Loy.,Loy.,Loi.,Loy.,Loy.
scene4.txt,36,211,6,minor_graphic_safe,hide_safe,yes,masquable:rule_based,historic_graphic_key_identity,apostrophe+u_v,n’auoir | n’avoir,"n’auoir=[1] | n’avoir=[2,3,4,5]",,2,1,0.857,1,0.857,0,0,1.000,nauoir,n’auoir,n’avoir,n’avoir,n’avoir,n’avoir
scene4.txt,36,211,7,minor_graphic_safe,hide_safe,yes,masquable:rule_based,historic_graphic_key_identity,apostrophe+u_v,qu’un | qu’vn,"qu’un=[2,3,4,5] | qu’vn=[1]",,2,1,0.800,1,0.800,0,0,1.000,quun,qu’vn,qu’un,qu’un,qu’un,qu’un
scene4.txt,36,211,8,minor_graphic_safe,hide_safe,yes,masquable:rule_based,historic_graphic_key_identity,punctuation_removed_for_graphic_key+y_i,"Roi, | Roy,","Roi,=[3] | Roy,=[1,2,4,5]",,2,1,0.750,1,0.750,0,0,1.000,roi,"Roy,","Roy,","Roi,","Roy,","Roy,"
scene4.txt,37,217,2,minor_graphic_safe,hide_safe,yes,masquable:rule_based,historic_graphic_key_identity,apostrophe+u_v,d’un | d’vn,"d’un=[2,3,4,5] | d’vn=[1]",,2,1,0.750,1,0.750,0,0,1.000,dun,d’vn,d’un,d’un,d’un,d’un
scene4.txt,37,217,5,minor_graphic_safe,hide_safe,yes,masquable:rule_based,historic_graphic_key_identity,u_v,gouuernant | gouvernant,"gouuernant=[1] | gouvernant=[2,3,4,5]",,2,1,0.900,1,0.900,0,0,1.000,gouuernant,gouuernant,gouvernant,gouvernant,gouvernant,gouvernant
scene4.txt,37,217,7,minor_mixed,hide_safe,yes,masquable:rule_based,case_only;historic_graphic_key_identity,case_only+punctuation_removed_for_graphic_key+u_v,"Prouinces, | Provinces, | provinces,","Prouinces,=[1] | Provinces,=[5] | provinces,=[2,3,4]",,3,2,0.800,2,0.800,0,0,1.000,prouinces,"Prouinces,","provinces,","provinces,","provinces,","Provinces,"
scene4.txt,38,223,4,minor_graphic_safe,hide_safe,yes,masquable:rule_based,historic_graphic_key_identity,final_zx_s+y_i,Loix | Loys,"Loix=[2,3,4] | Loys=[1,5]",,2,2,0.500,2,0.500,0,0,1.000,lois,Loys,Loix,Loix,Loix,Loys
scene4.txt,40,235,3,minor_graphic_safe,hide_safe,yes,masquable:rule_based,historic_graphic_key_identity,double_consonant+narrow_historic_lexical,donnant | dounant,"donnant=[2,3,4,5] | dounant=[1]",,2,1,0.857,1,0.857,0,0,1.000,donant,dounant,donnant,donnant,donnant,donnant
scene4.txt,41,241,1,mixed_minor_and_substantive,visible,no,visible:do_not_hide;contains_substantive_component,historic_graphic_key_identity;low_similarity_or_real_rewriting,accent+double_consonant+i_j+narrow_historic_lexical+spacing_or_hyphen+u_v+double_consonant+i_j+narrow_historic_lexical+spacing_or_hyphen+u_v+substantive_default,Par~un~ordre~souvent | Vous~les~verriez~tousiours | Vous~les~verriez~tousjours | Vous~les~verriez~toûjours,"Par~un~ordre~souvent=[4] | Vous~les~verriez~tousiours=[1] | Vous~les~verriez~tousjours=[5] | Vous~les~verriez~toûjours=[2,3]",,4,19,0.240,19,0.240,17,17,0.190,parunordresouuent | uouslesuerieztouiours,Vous~les~verriez~tousiours,Vous~les~verriez~toûjours,Vous~les~verriez~toûjours,Par~un~ordre~souvent,Vous~les~verriez~tousjours
scene4.txt,41,241,2,minor_graphic_safe,hide_safe,yes,masquable:rule_based,historic_graphic_key_identity,apostrophe+u_v,l’un | l’vn,"l’un=[2,3,4,5] | l’vn=[1]",,2,1,0.750,1,0.750,0,0,1.000,lun,l’vn,l’un,l’un,l’un,l’un
scene4.txt,42,247,1,mixed_minor_and_substantive,visible,no,visible:do_not_hide;contains_substantive_component,accent_only;high_graphic_similarity:0.950;historic_graphic_key_identity;low_similarity_or_real_rewriting,accent+levenshtein_alert+spacing_or_hyphen+u_v+substantive_default,Destruire~aueuglement | Destruire~aveuglement | Détruire~aveuglement | Détruire~aveuglément | Un~frere~détruiroit,Destruire~aueuglement=[1] | Destruire~aveuglement=[5] | Détruire~aveuglement=[3] | Détruire~aveuglément=[2] | Un~frere~détruiroit=[4],,5,16,0.200,16,0.200,15,15,0.250,destruireaueuglement | detruireaueuglement | unfreredetruiroit,Destruire~aueuglement,Détruire~aveuglément,Détruire~aveuglement,Un~frere~détruiroit,Destruire~aveuglement
scene4.txt,42,247,5,minor_graphic_safe,hide_safe,yes,masquable:rule_based,historic_graphic_key_identity,u_v,un | vn,"un=[2,3,4] | vn=[1,5]",,2,1,0.500,1,0.500,0,0,1.000,un,vn,un,un,un,vn
scene4.txt,42,247,6,minor_case,hide_safe,yes,masquable:rule_based,case_only,case_only,"Frere, | frere,","Frere,=[1,2,3,5] | frere,=[4]",,2,1,0.833,1,0.833,0,0,1.000,frere,"Frere,","Frere,","Frere,","frere,","Frere,"
scene4.txt,43,253,1,mixed_minor_and_substantive,visible,no,visible:do_not_hide;contains_substantive_component,historic_graphic_key_identity;low_similarity_or_real_rewriting,apostrophe+spacing_or_hyphen+u_v+substantive_default,L’un~sur~l’autre | L’vn~sur~l’autre | Vous~les~verriez,"L’un~sur~l’autre=[2,3,5] | L’vn~sur~l’autre=[1] | Vous~les~verriez=[4]",,3,14,0.125,14,0.125,9,9,0.308,lunsurlautre | uouslesueries,L’vn~sur~l’autre,L’un~sur~l’autre,L’un~sur~l’autre,Vous~les~verriez,L’un~sur~l’autre
scene4.txt,43,253,2,minor_graphic_safe,hide_safe,yes,masquable:rule_based,historic_graphic_key_identity,accent+i_j+narrow_historic_lexical+i_j+narrow_historic_lexical,tousiours | tousjours | toûjours,"tousiours=[1] | tousjours=[5] | toûjours=[2,3,4]",,3,3,0.667,3,0.667,0,0,1.000,touiours,tousiours,toûjours,toûjours,toûjours,tousjours
scene4.txt,46,271,7,minor_punctuation,hide_safe,yes,masquable:rule_based,punctuation_only,punctuation_only,"Empire, | Empire.","Empire,=[1,5] | Empire.=[2,3,4]",,2,1,0.857,1,0.857,0,0,1.000,empire,"Empire,",Empire.,Empire.,Empire.,"Empire,"
scene4.txt,47,277,9,minor_punctuation,hide_safe,yes,masquable:rule_based,punctuation_only,punctuation_only,"tour, | tour.","tour,=[1,2,3,5] | tour.=[4]",,2,1,0.800,1,0.800,0,0,1.000,tour,"tour,","tour,","tour,",tour.,"tour,"
scene4.txt,48,283,7,substantive,visible,no,visible:do_not_hide,low_similarity_or_real_rewriting,substantive_default,durant | durent,"durant=[1,5] | durent=[2,3,4]",,2,1,0.833,1,0.833,1,1,0.833,durant | durent,durant,durent,durent,durent,durant
scene4.txt,48,283,8,minor_graphic_safe,hide_safe,yes,masquable:rule_based,historic_graphic_key_identity,apostrophe+u_v,qu’un | qu’vn,"qu’un=[2,3,4,5] | qu’vn=[1]",,2,1,0.800,1,0.800,0,0,1.000,quun,qu’vn,qu’un,qu’un,qu’un,qu’un
scene4.txt,49,289,10,minor_graphic_safe,hide_safe,yes,masquable:rule_based,historic_graphic_key_identity,punctuation_removed_for_graphic_key+u_v,"rauage, | ravage,","rauage,=[1] | ravage,=[2,3,4,5]",,2,1,0.857,1,0.857,0,0,1.000,rauage,"rauage,","ravage,","ravage,","ravage,","ravage,"
scene4.txt,50,295,1,substantive,visible,no,visible:do_not_hide,low_similarity_or_real_rewriting,substantive_default,Et~d’horribles | Et~par~de~grands,"Et~d’horribles=[2,3,4] | Et~par~de~grands=[1,5]",,2,12,0.250,12,0.250,9,9,0.308,etdhoribles | etpardegrands,Et~par~de~grands,Et~d’horribles,Et~d’horribles,Et~d’horribles,Et~par~de~grands
scene4.txt,53,313,8,minor_case,hide_safe,yes,masquable:rule_based,case_only,case_only,Sujets. | sujets.,"Sujets.=[1,5] | sujets.=[2,3,4]",,2,1,0.857,1,0.857,0,0,1.000,suiets,Sujets.,sujets.,sujets.,sujets.,Sujets.
scene4.txt,54,319,2,minor_mixed,hide_safe,yes,masquable:rule_based,historic_graphic_key_identity;punctuation_only,accent+final_zx_s+punctuation_removed_for_graphic_key+u_v+accent+final_zx_s+u_v+punctuation_only,"auoüez | avoüez | avoüez,","auoüez=[1] | avoüez=[5] | avoüez,=[2,3,4]",,3,2,0.714,2,0.714,0,0,1.000,auoues,auoüez,"avoüez,","avoüez,","avoüez,",avoüez
scene4.txt,54,319,7,minor_punctuation,hide_safe,yes,masquable:rule_based,punctuation_only,punctuation_only,"peine | peine,","peine=[3,4] | peine,=[1,2,5]",,2,1,0.833,1,0.833,0,0,1.000,peine,"peine,","peine,",peine,peine,"peine,"
scene4.txt,55,325,6,minor_case,hide_safe,yes,masquable:rule_based,case_only,case_only,Paix | paix,"Paix=[1,2,5] | paix=[3,4]",,2,1,0.750,1,0.750,0,0,1.000,pais,Paix,Paix,paix,paix,Paix
scene4.txt,56,331,1,mixed_minor_and_substantive,visible,no,visible:do_not_hide;contains_substantive_component,high_graphic_similarity:0.952;low_similarity_or_real_rewriting,levenshtein_alert+substantive_default,Et~qu’en~vous~esloignant~du | Qu’elle~asseure~à~mes~fils~le | Qu’elle~assure~à~mes~Fils~le,"Et~qu’en~vous~esloignant~du=[1,5] | Qu’elle~asseure~à~mes~fils~le=[2] | Qu’elle~assure~à~mes~Fils~le=[3,4]",,3,25,0.138,25,0.138,19,19,0.136,etquenuousesloignantdu | queleaseureamesfilsle | queleasureamesfilsle,Et~qu’en~vous~esloignant~du,Qu’elle~asseure~à~mes~fils~le,Qu’elle~assure~à~mes~Fils~le,Qu’elle~assure~à~mes~Fils~le,Et~qu’en~vous~esloignant~du
scene4.txt,56,331,3,minor_graphic_safe,hide_safe,yes,masquable:rule_based,accent_only,accent,ou | où,"ou=[1,5] | où=[2,3,4]",,2,1,0.500,1,0.500,0,0,1.000,ou,ou,où,où,où,ou
scene4.txt,57,337,-1,whole_line_variant,visible,no,visible:do_not_hide,whole_line_variant_marker_or_lacuna,whole_line_variant_marker_or_lacuna,Elle rend pour jamais vos desseins auortez. | Elle rend pour jamais vos desseins avortez. | Et va rompre le piege où vous les attendez.,"Elle rend pour jamais vos desseins auortez.=[1] | Elle rend pour jamais vos desseins avortez.=[5] | Et va rompre le piege où vous les attendez.=[2,3,4]",,3,,,,,,,,elerendpouriamaisuosdeseinsauortes | etuaromprelepiegeouuouslesatendes,Elle rend pour jamais vos desseins auortez.,Et va rompre le piege où vous les attendez.,Et va rompre le piege où vous les attendez.,Et va rompre le piege où vous les attendez.,Elle rend pour jamais vos desseins avortez.
scene4.txt,58,343,2,minor_graphic_safe,hide_safe,yes,masquable:rule_based,accent_only,accent,apres | aprés,"apres=[1,5] | aprés=[2,3,4]",,2,1,0.800,1,0.800,0,0,1.000,apres,apres,aprés,aprés,aprés,apres
scene4.txt,58,343,3,substantive,visible,no,visible:do_not_hide,short_token_protected,short_token_protected,leur | mes,"leur=[2,3,4] | mes=[1,5]",,2,3,0.250,3,0.250,3,3,0.250,leur | mes,mes,leur,leur,leur,mes
scene4.txt,58,343,4,substantive,visible,no,visible:do_not_hide,low_similarity_or_real_rewriting,substantive_default,enfans | trépas,"enfans=[1,5] | trépas=[2,3,4]",,2,5,0.167,5,0.167,5,5,0.167,enfans | trepas,enfans,trépas,trépas,trépas,enfans
scene4.txt,58,343,9,minor_punctuation,hide_safe,yes,masquable:rule_based,punctuation_only,punctuation_only,"naissance | naissance,","naissance=[3,4] | naissance,=[1,2,5]",,2,1,0.900,1,0.900,0,0,1.000,naisance,"naissance,","naissance,",naissance,naissance,"naissance,"
scene4.txt,59,349,7,minor_graphic_safe,hide_safe,yes,masquable:rule_based,accent_only,accent,supréme | suprême,"supréme=[1,2,3,5] | suprême=[4]",,2,1,0.857,1,0.857,0,0,1.000,supreme,supréme,supréme,supréme,suprême,supréme
scene4.txt,60,355,5,minor_graphic_safe,hide_safe,yes,masquable:rule_based,historic_graphic_key_identity,u_v,unit | vnit,"unit=[2,3,4,5] | vnit=[1]",,2,1,0.750,1,0.750,0,0,1.000,unit,vnit,unit,unit,unit,unit
scene4.txt,61,361,3,minor_graphic_safe,hide_safe,yes,masquable:rule_based,historic_graphic_key_identity,u_v,trouuer | trouver,"trouuer=[1] | trouver=[2,3,4,5]",,2,1,0.857,1,0.857,0,0,1.000,trouuer,trouuer,trouver,trouver,trouver,trouver
scene4.txt,63,373,6,minor_graphic_safe,hide_safe,yes,masquable:rule_based,historic_graphic_key_identity,u_v,une | vne,"une=[2,3,4,5] | vne=[1]",,2,1,0.667,1,0.667,0,0,1.000,une,vne,une,une,une,une
scene4.txt,64,379,4,minor_graphic_safe,hide_safe,yes,masquable:rule_based,historic_graphic_key_identity,y_i,Roi | Roy,"Roi=[2,3] | Roy=[1,4,5]",,2,1,0.667,1,0.667,0,0,1.000,roi,Roy,Roi,Roi,Roy,Roy
scene4.txt,65,385,4,minor_graphic_safe,hide_safe,yes,masquable:rule_based,historic_graphic_key_identity,final_zx_s+u_v,seruez | servez,"seruez=[1] | servez=[2,3,4,5]",,2,1,0.833,1,0.833,0,0,1.000,serues,seruez,servez,servez,servez,servez
scene4.txt,65,385,5,minor_graphic_safe,hide_safe,yes,masquable:rule_based,historic_graphic_key_identity,u_v,un | vn,"un=[2,3,4,5] | vn=[1]",,2,1,0.500,1,0.500,0,0,1.000,un,vn,un,un,un,un
scene4.txt,67,397,1,minor_graphic_safe,hide_safe,yes,masquable:rule_based,historic_graphic_key_identity,i_j,Ie | Je,"Ie=[1] | Je=[2,3,4,5]",,2,1,0.500,1,0.500,0,0,1.000,ie,Ie,Je,Je,Je,Je
scene4.txt,68,403,5,minor_graphic_safe,hide_safe,yes,masquable:rule_based,historic_graphic_key_identity,y_i,Roi | Roy,"Roi=[3] | Roy=[1,2,4,5]",,2,1,0.667,1,0.667,0,0,1.000,roi,Roy,Roy,Roi,Roy,Roy
scene4.txt,68,403,9,minor_punctuation,hide_safe,yes,masquable:rule_based,punctuation_only,punctuation_only,"sinceres, | sinceres;","sinceres,=[1,2,3,5] | sinceres;=[4]",,2,1,0.889,1,0.889,0,0,1.000,sinceres,"sinceres,","sinceres,","sinceres,",sinceres;,"sinceres,"
scene4.txt,70,415,3,minor_graphic_safe,hide_safe,yes,masquable:rule_based,accent_only,accent,ou | où,"ou=[1,5] | où=[2,3,4]",,2,1,0.500,1,0.500,0,0,1.000,ou,ou,où,où,où,ou
scene4.txt,70,415,7,minor_graphic_safe,hide_safe,yes,masquable:rule_based,historic_graphic_key_identity,i_j,ie | je,"ie=[1] | je=[2,3,4,5]",,2,1,0.500,1,0.500,0,0,1.000,ie,ie,je,je,je,je
scene4.txt,70,415,9,minor_graphic_safe,hide_safe,yes,masquable:rule_based,historic_graphic_key_identity,punctuation_removed_for_graphic_key+u_v,paruenir. | parvenir.,"paruenir.=[1] | parvenir.=[2,3,4,5]",,2,1,0.889,1,0.889,0,0,1.000,paruenir,paruenir.,parvenir.,parvenir.,parvenir.,parvenir.
scene4.txt,72,427,1,minor_graphic_safe,hide_safe,yes,masquable:rule_based,historic_graphic_key_identity,i_j,Ie | Je,"Ie=[1] | Je=[2,3,4,5]",,2,1,0.500,1,0.500,0,0,1.000,ie,Ie,Je,Je,Je,Je
scene4.txt,72,427,7,minor_graphic_safe,hide_safe,yes,masquable:rule_based,accent_only,accent,la | là,"la=[1,5] | là=[2,3,4]",,2,1,0.500,1,0.500,0,0,1.000,la,la,là,là,là,la
scene4.txt,73,433,1,minor_graphic_safe,hide_safe,yes,masquable:rule_based,historic_graphic_key_identity,i_j,Ie | Je,"Ie=[1] | Je=[2,3,4,5]",,2,1,0.500,1,0.500,0,0,1.000,ie,Ie,Je,Je,Je,Je
scene4.txt,73,433,4,substantive,visible,no,visible:do_not_hide,low_similarity_or_real_rewriting,substantive_default,cache | chache,"cache=[1,2,4,5] | chache=[3]",,2,1,0.833,1,0.833,1,1,0.833,cache | chache,cache,cache,chache,cache,cache
scene4.txt,73,433,10,minor_graphic_safe,hide_safe,yes,masquable:rule_based,historic_graphic_key_identity,i_j,ie | je,"ie=[1] | je=[2,3,4,5]",,2,1,0.500,1,0.500,0,0,1.000,ie,ie,je,je,je,je
scene4.txt,73,433,11,minor_graphic_safe,hide_safe,yes,masquable:rule_based,historic_graphic_key_identity,punctuation_removed_for_graphic_key+u_v+y_i,"voi, | voy,","voi,=[3,4] | voy,=[1,2,5]",,2,1,0.750,1,0.750,0,0,1.000,uoi,"voy,","voy,","voi,","voi,","voy,"
scene4.txt,74,439,4,minor_graphic_safe,hide_safe,yes,masquable:rule_based,historic_graphic_key_identity,y_i,ici | icy,"ici=[3] | icy=[1,2,4,5]",,2,1,0.667,1,0.667,0,0,1.000,ici,icy,icy,ici,icy,icy
scene4.txt,74,439,7,minor_graphic_safe,hide_safe,yes,masquable:rule_based,historic_graphic_key_identity,punctuation_removed_for_graphic_key+y_i,moi. | moy.,"moi.=[3,4] | moy.=[1,2,5]",,2,1,0.750,1,0.750,0,0,1.000,moi,moy.,moy.,moi.,moi.,moy.
scene4.txt,76,451,-1,whole_line_variant,visible,no,visible:do_not_hide,whole_line_variant_marker_or_lacuna,whole_line_variant_marker_or_lacuna," Je suis mere, Creon, & si j’aime son frere, |  Tant que pour ennemi le Roi n’aura qu’un Frere, |  Tant que pour ennemy le Roy n’aura qu’un Frere, |  Tant que pour ennemy le Roy n’aura qu’vn Frere,"," Je suis mere, Creon, & si j’aime son frere,=[4] |  Tant que pour ennemi le Roi n’aura qu’un Frere,=[3] |  Tant que pour ennemy le Roy n’aura qu’un Frere,=[2,5] |  Tant que pour ennemy le Roy n’aura qu’vn Frere,=[1]",,4,,,,,,,,iesuismerecreonsiiaimesonfrere | tantquepourenemileroinauraquunfrere," Tant que pour ennemy le Roy n’aura qu’vn Frere,"," Tant que pour ennemy le Roy n’aura qu’un Frere,"," Tant que pour ennemi le Roi n’aura qu’un Frere,"," Je suis mere, Creon, & si j’aime son frere,"," Tant que pour ennemy le Roy n’aura qu’un Frere,"
scene4.txt,77,457,-1,whole_line_variant,visible,no,visible:do_not_hide,whole_line_variant_marker_or_lacuna,whole_line_variant_marker_or_lacuna," La personne du Roy ne m’en est pas moins chere. |  Sa personne, Creon, me sera toûjours chere. |  Sa personne, Creon, me sera toûjours chere~;"," La personne du Roy ne m’en est pas moins chere.=[4] |  Sa personne, Creon, me sera toûjours chere.=[2,3] |  Sa personne, Creon, me sera toûjours chere~;=[1,5]",,3,,,,,,,,lapersoneduroinemenestpasmoinschere | sapersonecreonmeseratouiourschere," Sa personne, Creon, me sera toûjours chere~;"," Sa personne, Creon, me sera toûjours chere."," Sa personne, Creon, me sera toûjours chere.", La personne du Roy ne m’en est pas moins chere.," Sa personne, Creon, me sera toûjours chere~;"
scene4.txt,78,463,4,minor_graphic_safe,hide_safe,yes,masquable:rule_based,historic_graphic_key_identity,u_v,peuuent | peuvent,"peuuent=[1] | peuvent=[2,3,4,5]",,2,1,0.857,1,0.857,0,0,1.000,peuuent,peuuent,peuvent,peuvent,peuvent,peuvent
scene4.txt,79,469,2,minor_graphic_safe,hide_safe,yes,masquable:rule_based,historic_graphic_key_identity,u_v,une | vne,"une=[2,3,4] | vne=[1,5]",,2,1,0.667,1,0.667,0,0,1.000,une,vne,une,une,une,vne
scene4.txt,82,487,4,minor_graphic_safe,hide_safe,yes,masquable:rule_based,historic_graphic_key_identity,y_i,Roi | Roy,"Roi=[3] | Roy=[1,2,4,5]",,2,1,0.667,1,0.667,0,0,1.000,roi,Roy,Roy,Roi,Roy,Roy
scene4.txt,84,499,5,minor_graphic_safe,hide_safe,yes,masquable:rule_based,historic_graphic_key_identity,final_zx_s+u_v,auez | avez,"auez=[1] | avez=[2,3,4,5]",,2,1,0.750,1,0.750,0,0,1.000,aues,auez,avez,avez,avez,avez
scene4.txt,84,499,6,minor_graphic_safe,hide_safe,yes,masquable:rule_based,historic_graphic_key_identity,u_v,un | vn,"un=[2,3,4] | vn=[1,5]",,2,1,0.500,1,0.500,0,0,1.000,un,vn,un,un,un,vn
scene4.txt,84,499,7,minor_punctuation,hide_safe,yes,masquable:rule_based,punctuation_only,punctuation_only,Fils. | Fils~;,"Fils.=[2,3,4] | Fils~;=[1,5]",,2,2,0.667,2,0.667,0,0,1.000,fils,Fils~;,Fils.,Fils.,Fils.,Fils~;
scene4.txt,87,517,1,minor_graphic_safe,hide_safe,yes,masquable:rule_based,accent_only;historic_graphic_key_identity,accent+accent+punctuation_removed_for_graphic_key+y_i,"Ouy, | Oüi, | Oüy,","Ouy,=[4] | Oüi,=[3] | Oüy,=[1,2,5]",,3,2,0.500,2,0.500,0,0,1.000,oui,"Oüy,","Oüy,","Oüi,","Ouy,","Oüy,"
scene4.txt,87,517,2,minor_graphic_safe,hide_safe,yes,masquable:rule_based,historic_graphic_key_identity,i_j,ie | je,"ie=[1,2] | je=[3,4,5]",,2,1,0.500,1,0.500,0,0,1.000,ie,ie,ie,je,je,je
scene4.txt,87,517,7,minor_graphic_safe,hide_safe,yes,masquable:rule_based,historic_graphic_key_identity,i_j,ie | je,"ie=[1,2] | je=[3,4,5]",,2,1,0.500,1,0.500,0,0,1.000,ie,ie,ie,je,je,je
scene4.txt,87,517,10,minor_punctuation,hide_safe,yes,masquable:rule_based,punctuation_only,punctuation_only,"justice, | justice~;","justice,=[2,3,4] | justice~;=[1,5]",,2,2,0.778,2,0.778,0,0,1.000,iustice,justice~;,"justice,","justice,","justice,",justice~;
scene4.txt,88,523,1,minor_graphic_safe,hide_safe,yes,masquable:rule_based,historic_graphic_key_identity,i_j,Ie | Je,"Ie=[1] | Je=[2,3,4,5]",,2,1,0.500,1,0.500,0,0,1.000,ie,Ie,Je,Je,Je,Je
scene4.txt,89,529,10,minor_mixed,hide_safe,yes,masquable:rule_based,historic_graphic_key_identity;punctuation_only,punctuation_only+punctuation_removed_for_graphic_key+spacing_or_hyphen+u_v,un. | un~; | vn~;,"un.=[2,3,4] | un~;=[5] | vn~;=[1]",,3,3,0.250,3,0.250,0,0,1.000,un,vn~;,un.,un.,un.,un~;
scene4.txt,90,535,2,minor_graphic_safe,hide_safe,yes,masquable:rule_based,historic_graphic_key_identity,i_j,ie | je,"ie=[1] | je=[2,3,4,5]",,2,1,0.500,1,0.500,0,0,1.000,ie,ie,je,je,je,je
scene4.txt,96,571,1,minor_graphic_safe,hide_safe,yes,masquable:rule_based,historic_graphic_key_identity,i_j,Ie | Je,"Ie=[1] | Je=[2,3,4,5]",,2,1,0.500,1,0.500,0,0,1.000,ie,Ie,Je,Je,Je,Je
scene4.txt,96,571,3,minor_graphic_safe,hide_safe,yes,masquable:rule_based,historic_graphic_key_identity,u_v+y_i,voi | voy,"voi=[3,4] | voy=[1,2,5]",,2,1,0.667,1,0.667,0,0,1.000,uoi,voy,voy,voi,voi,voy
scene4.txt,97,577,2,minor_graphic_safe,hide_safe,yes,masquable:rule_based,historic_graphic_key_identity,i_j,ie | je,"ie=[1] | je=[2,3,4,5]",,2,1,0.500,1,0.500,0,0,1.000,ie,ie,je,je,je,je
scene4.txt,97,577,8,minor_graphic_safe,hide_safe,yes,masquable:rule_based,historic_graphic_key_identity,u_v,reuolte | revolte,"reuolte=[1] | revolte=[2,3,4,5]",,2,1,0.857,1,0.857,0,0,1.000,reuolte,reuolte,revolte,revolte,revolte,revolte
scene4.txt,100,595,6,minor_graphic_safe,hide_safe,yes,masquable:rule_based,historic_graphic_key_identity,y_i,parti | party,"parti=[3,4] | party=[1,2,5]",,2,1,0.800,1,0.800,0,0,1.000,parti,party,party,parti,parti,party
scene4.txt,103,613,6,minor_graphic_safe,hide_safe,yes,masquable:rule_based,accent_only,accent,ou | où,"ou=[1,5] | où=[2,3,4]",,2,1,0.500,1,0.500,0,0,1.000,ou,ou,où,où,où,ou
scene4.txt,105,625,1,substantive,visible,no,visible:do_not_hide,low_similarity_or_real_rewriting,substantive_default,Ecoutez | Escoutez,"Ecoutez=[2,3,4] | Escoutez=[1,5]",,2,1,0.875,1,0.875,1,1,0.875,ecoutes | escoutes,Escoutez,Ecoutez,Ecoutez,Ecoutez,Escoutez
scene4.txt,105,625,2,minor_graphic_safe,hide_safe,yes,masquable:rule_based,historic_graphic_key_identity,u_v,un | vn,"un=[2,3,4] | vn=[1,5]",,2,1,0.500,1,0.500,0,0,1.000,un,vn,un,un,un,vn
scene4.txt,109,649,2,minor_graphic_safe,hide_safe,yes,masquable:rule_based,historic_graphic_key_identity,u_v,un | vn,"un=[2,3,4,5] | vn=[1]",,2,1,0.500,1,0.500,0,0,1.000,un,vn,un,un,un,un
scene4.txt,110,655,2,minor_graphic_safe,hide_safe,yes,masquable:rule_based,historic_graphic_key_identity,final_zx_s+u_v,auez | avez,"auez=[1] | avez=[2,3,4,5]",,2,1,0.750,1,0.750,0,0,1.000,aues,auez,avez,avez,avez,avez
scene4.txt,113,673,6,minor_graphic_safe,hide_safe,yes,masquable:rule_based,historic_graphic_key_identity,u_v,faueur | faveur,"faueur=[1] | faveur=[2,3,4,5]",,2,1,0.833,1,0.833,0,0,1.000,faueur,faueur,faveur,faveur,faveur,faveur
scene4.txt,113,673,7,minor_graphic_safe,hide_safe,yes,masquable:rule_based,historic_graphic_key_identity,apostrophe+u_v,d’un | d’vn,"d’un=[2,3,4,5] | d’vn=[1]",,2,1,0.750,1,0.750,0,0,1.000,dun,d’vn,d’un,d’un,d’un,d’un
scene4.txt,117,697,1,minor_graphic_safe,hide_safe,yes,masquable:rule_based,historic_graphic_key_identity,i_j,Ie | Je,"Ie=[1] | Je=[2,3,4,5]",,2,1,0.500,1,0.500,0,0,1.000,ie,Ie,Je,Je,Je,Je
scene4.txt,119,709,2,minor_graphic_safe,hide_safe,yes,masquable:rule_based,historic_graphic_key_identity,i_j,ie | je,"ie=[1] | je=[2,3,4,5]",,2,1,0.500,1,0.500,0,0,1.000,ie,ie,je,je,je,je
scene4.txt,121,721,9,minor_graphic_safe,hide_safe,yes,masquable:rule_based,historic_graphic_key_identity,accent+double_consonant+punctuation_removed_for_graphic_key,hommes. | hõmes.,"hommes.=[1,2,3,5] | hõmes.=[4]",,2,2,0.714,2,0.714,0,0,1.000,homes,hommes.,hommes.,hommes.,hõmes.,hommes.
scene4.txt,123,733,6,minor_graphic_safe,hide_safe,yes,masquable:rule_based,accent_only,accent,ou | où,"ou=[1,5] | où=[2,3,4]",,2,1,0.500,1,0.500,0,0,1.000,ou,ou,où,où,où,ou
scene4.txt,124,739,3,substantive,visible,no,visible:do_not_hide,low_similarity_or_real_rewriting,substantive_default,semble | sẽble,"semble=[1,5] | sẽble=[2,3,4]",,2,2,0.667,2,0.667,1,1,0.833,seble | semble,semble,sẽble,sẽble,sẽble,semble
scene4.txt,124,739,8,minor_mixed,hide_safe,yes,masquable:rule_based,historic_graphic_key_identity;punctuation_only,double_consonant+final_zx_s+punctuation_removed_for_graphic_key+punctuation_only,"couroux, | courroux, | courroux.","couroux,=[1,5] | courroux,=[2,3] | courroux.=[4]",,3,2,0.778,2,0.778,0,0,1.000,courous,"couroux,","courroux,","courroux,",courroux.,"couroux,"
scene4.txt,125,745,4,substantive,visible,no,visible:do_not_hide,low_similarity_or_real_rewriting,substantive_default,retomberoient | retomberont,"retomberoient=[1,2,4,5] | retomberont=[3]",,2,2,0.846,2,0.846,2,2,0.846,retomberoient | retomberont,retomberoient,retomberoient,retomberont,retomberoient,retomberoient
scene4.txt,128,763,4,minor_graphic_safe,hide_safe,yes,masquable:rule_based,historic_graphic_key_identity,accent+y_i,pays | païs,"pays=[1,5] | païs=[2,3,4]",,2,1,0.750,1,0.750,0,0,1.000,pais,pays,païs,païs,païs,pays
scene4.txt,128,763,7,minor_graphic_safe,hide_safe,yes,masquable:rule_based,historic_graphic_key_identity,u_v,une | vne,"une=[2,3,4,5] | vne=[1]",,2,1,0.667,1,0.667,0,0,1.000,une,vne,une,une,une,une
scene4.txt,128,763,9,minor_mixed,hide_safe,yes,masquable:rule_based,historic_graphic_key_identity;punctuation_only,accent+double_consonant+punctuation_removed_for_graphic_key+punctuation_only,"flamme, | flamme. | flâme.","flamme,=[1,5] | flamme.=[2,3] | flâme.=[4]",,3,3,0.571,3,0.571,0,0,1.000,flame,"flamme,",flamme.,flamme.,flâme.,"flamme,"
scene4.txt,129,769,1,minor_graphic_safe,hide_safe,yes,masquable:rule_based,historic_graphic_key_identity,i_j,Ie | Je,"Ie=[1] | Je=[2,3,4,5]",,2,1,0.500,1,0.500,0,0,1.000,ie,Ie,Je,Je,Je,Je
scene4.txt,129,769,3,substantive,visible,no,visible:do_not_hide,short_token_protected,short_token_protected,"sçais, | sçay~;","sçais,=[1,5] | sçay~;=[2,3,4]",,2,3,0.500,3,0.500,1,1,0.800,scai | scais,"sçais,",sçay~;,sçay~;,sçay~;,"sçais,"
scene4.txt,132,787,1,minor_graphic_safe,hide_safe,yes,masquable:rule_based,historic_graphic_key_identity,i_j,Ie | Je,"Ie=[1] | Je=[2,3,4,5]",,2,1,0.500,1,0.500,0,0,1.000,ie,Ie,Je,Je,Je,Je
scene4.txt,132,787,6,minor_graphic_safe,hide_safe,yes,masquable:rule_based,historic_graphic_key_identity,i_j,ie | je,"ie=[1] | je=[2,3,4,5]",,2,1,0.500,1,0.500,0,0,1.000,ie,ie,je,je,je,je
scene4.txt,132,787,9,minor_graphic_safe,hide_safe,yes,masquable:rule_based,historic_graphic_key_identity,punctuation_removed_for_graphic_key+u_v,"auance, | avance,","auance,=[1] | avance,=[2,3,4,5]",,2,1,0.857,1,0.857,0,0,1.000,auance,"auance,","avance,","avance,","avance,","avance,"
scene4.txt,133,793,2,substantive,visible,no,visible:do_not_hide,low_similarity_or_real_rewriting,substantive_default,espargner | épargner,"espargner=[1,5] | épargner=[2,3,4]",,2,2,0.778,2,0.778,1,1,0.889,epargner | espargner,espargner,épargner,épargner,épargner,espargner
scene4.txt,133,793,7,minor_punctuation,hide_safe,yes,masquable:rule_based,punctuation_only,punctuation_only,"presence, | presence.","presence,=[1,5] | presence.=[2,3,4]",,2,1,0.889,1,0.889,0,0,1.000,presence,"presence,",presence.,presence.,presence.,"presence,"
scene4.txt,134,799,4,mixed_minor_and_substantive,visible,no,visible:do_not_hide;contains_substantive_component,historic_graphic_key_identity;low_similarity_or_real_rewriting,substantive_default+u_v,deuoirs | devoirs | respects,"deuoirs=[1] | devoirs=[2,3,5] | respects=[4]",,3,6,0.250,6,0.250,5,5,0.286,deuoirs | respecs,deuoirs,devoirs,devoirs,respects,devoirs
scene4.txt,134,799,7,substantive,visible,no,visible:do_not_hide,low_similarity_or_real_rewriting,substantive_default,"mespris, | mépris,","mespris,=[1,5] | mépris,=[2,3,4]",,2,2,0.750,2,0.750,1,1,0.857,mepris | mespris,"mespris,","mépris,","mépris,","mépris,","mespris,"
scene4.txt,135,805,2,minor_graphic_safe,hide_safe,yes,masquable:rule_based,historic_graphic_key_identity,i_j,ie | je,"ie=[1] | je=[2,3,4,5]",,2,1,0.500,1,0.500,0,0,1.000,ie,ie,je,je,je,je
scene4.txt,135,805,8,minor_spacing,hide_safe,yes,masquable:rule_based,spacing_or_hyphen_only,spacing_or_hyphen_only,bien-heureux | bien~heureux,"bien-heureux=[2,3,4] | bien~heureux=[1,5]",,2,1,0.917,1,0.917,0,0,1.000,bienheureus,bien~heureux,bien-heureux,bien-heureux,bien-heureux,bien~heureux
scene4.txt,136,811,-1,whole_line_variant,visible,no,visible:do_not_hide,whole_line_variant_marker_or_lacuna,whole_line_variant_marker_or_lacuna," Le Roy m’appelle ailleurs, il faut que j’obeïsse, |  Vous sçauez que le Roy m’appelle à son service, |  Vous sçavez que le Roy m’appelle à son service,"," Le Roy m’appelle ailleurs, il faut que j’obeïsse,=[2,3,4] |  Vous sçauez que le Roy m’appelle à son service,=[1] |  Vous sçavez que le Roy m’appelle à son service,=[5]",,3,,,,,,,,leroimapeleaileursilfautqueiobeise | uouscauezqueleroimapeleasonseruice," Vous sçauez que le Roy m’appelle à son service,"," Le Roy m’appelle ailleurs, il faut que j’obeïsse,"," Le Roy m’appelle ailleurs, il faut que j’obeïsse,"," Le Roy m’appelle ailleurs, il faut que j’obeïsse,"," Vous sçavez que le Roy m’appelle à son service,"
scene4.txt,137,817,4,minor_graphic_safe,hide_safe,yes,masquable:rule_based,accent_only,accent,Hemon | Hémon,"Hemon=[1,2,5] | Hémon=[3,4]",,2,1,0.800,1,0.800,0,0,1.000,hemon,Hemon,Hemon,Hémon,Hémon,Hemon
scene4.txt,139,829,3,minor_punctuation,hide_safe,yes,masquable:rule_based,punctuation_only,punctuation_only,"pas | pas,","pas=[1,5] | pas,=[2,3,4]",,2,1,0.750,1,0.750,0,0,1.000,pas,pas,"pas,","pas,","pas,",pas
scene4.txt,139,829,4,substantive,visible,no,visible:do_not_hide,low_similarity_or_real_rewriting,substantive_default,"meschant, | méchant,","meschant,=[1,5] | méchant,=[2,3,4]",,2,2,0.778,2,0.778,1,1,0.875,mechant | meschant,"meschant,","méchant,","méchant,","méchant,","meschant,"
scene4.txt,140,835,4,minor_graphic_safe,hide_safe,yes,masquable:rule_based,historic_graphic_key_identity,u_v,preuiendront | previendront,"preuiendront=[1] | previendront=[2,3,4,5]",,2,1,0.917,1,0.917,0,0,1.000,preuiendront,preuiendront,previendront,previendront,previendront,previendront
scene4.txt,140,835,7,minor_spacing,hide_safe,yes,masquable:rule_based,spacing_or_hyphen_only,spacing_or_hyphen_only,mal-heureux. | malheureux.,"mal-heureux.=[1,5] | malheureux.=[2,3,4]",,2,1,0.917,1,0.917,0,0,1.000,malheureus,mal-heureux.,malheureux.,malheureux.,malheureux.,mal-heureux.
scene5.txt,4,19,-1,whole_line_variant,visible,no,visible:do_not_hide,whole_line_variant_marker_or_lacuna,whole_line_variant_marker_or_lacuna," AInsi donc vous fuyez un Amant odieux, |  AInsi donc vous fuyés un Amant odieux, |  ET vous mourez ainsi, beau sujet de mes feux,"," AInsi donc vous fuyez un Amant odieux,=[2,4] |  AInsi donc vous fuyés un Amant odieux,=[3] |  ET vous mourez ainsi, beau sujet de mes feux,=[1,5]",,3,,,,,,,,ainsidoncuousfuiesunamantodieus | ainsidoncuousfuiezunamantodieus | etuousmourezainsibeausuietdemesfeus," ET vous mourez ainsi, beau sujet de mes feux,"," AInsi donc vous fuyez un Amant odieux,"," AInsi donc vous fuyés un Amant odieux,"," AInsi donc vous fuyez un Amant odieux,"," ET vous mourez ainsi, beau sujet de mes feux,"
scene5.txt,5,25,3,minor_mixed,hide_safe,yes,masquable:rule_based,historic_graphic_key_identity;punctuation_only,accent+historic_s_before_consonant+accent+historic_s_before_consonant+punctuation_removed_for_graphic_key+punctuation_only,"mesme | mesme, | même","mesme=[3] | mesme,=[1,2,5] | même=[4]",,3,3,0.500,3,0.500,0,0,1.000,meme,"mesme,","mesme,",mesme,même,"mesme,"
scene5.txt,5,25,5,mixed_minor_and_substantive,visible,no,visible:do_not_hide;contains_substantive_component,historic_graphic_key_identity;low_similarity_or_real_rewriting,accent+final_zx_s+substantive_default,esteignez | éteignez | éteignés,"esteignez=[1,2,5] | éteignez=[4] | éteignés=[3]",,3,4,0.556,4,0.556,1,1,0.889,esteignes | eteignes,esteignez,esteignez,éteignés,éteignez,esteignez
scene5.txt,6,31,2,minor_graphic_safe,hide_safe,yes,masquable:rule_based,historic_graphic_key_identity,accent+final_zx_s,fermez | fermés,"fermez=[1,2,4,5] | fermés=[3]",,2,2,0.667,2,0.667,0,0,1.000,fermes,fermez,fermez,fermés,fermez,fermez
scene5.txt,6,31,4,minor_graphic_safe,hide_safe,yes,masquable:rule_based,historic_graphic_key_identity,i_j,iamais | jamais,"iamais=[1] | jamais=[2,3,4,5]",,2,1,0.833,1,0.833,0,0,1.000,iamais,iamais,jamais,jamais,jamais,jamais
scene5.txt,6,31,9,minor_graphic_safe,hide_safe,yes,masquable:rule_based,historic_graphic_key_identity,apostrophe+i_j+punctuation_removed_for_graphic_key,"i’adore, | j’adore,","i’adore,=[1] | j’adore,=[2,3,4,5]",,2,1,0.875,1,0.875,0,0,1.000,iadore,"i’adore,","j’adore,","j’adore,","j’adore,","j’adore,"
scene5.txt,7,37,9,minor_graphic_safe,hide_safe,yes,masquable:rule_based,historic_graphic_key_identity,accent+final_zx_s,fermez | fermés,"fermez=[1,2,4,5] | fermés=[3]",,2,2,0.667,2,0.667,0,0,1.000,fermes,fermez,fermez,fermés,fermez,fermez
scene5.txt,8,43,1,minor_mixed,hide_safe,yes,masquable:rule_based,accent_only;historic_graphic_key_identity;spacing_or_hyphen_only,accent+accent+apostrophe+spacing_or_hyphen+y_i+apostrophe+spacing_or_hyphen+y_i+spacing_or_hyphen_only,Quoiqu’Hemon | Quoi~qu’Hemon | Quoy~qu’Hemon | Quoy~qu’Hémon,"Quoiqu’Hemon=[4] | Quoi~qu’Hemon=[3] | Quoy~qu’Hemon=[1,5] | Quoy~qu’Hémon=[2]",,4,3,0.769,3,0.769,0,0,1.000,quoiquhemon,Quoy~qu’Hemon,Quoy~qu’Hémon,Quoi~qu’Hemon,Quoiqu’Hemon,Quoy~qu’Hemon
scene5.txt,8,43,3,mixed_minor_and_substantive,visible,no,visible:do_not_hide;contains_substantive_component,accent_only;short_token_protected,accent+short_token_protected,fust | fut | fût,"fust=[2,3] | fut=[1,5] | fût=[4]",,3,2,0.500,2,0.500,1,1,0.750,fust | fut,fut,fust,fust,fût,fut
scene5.txt,8,43,6,minor_graphic_safe,hide_safe,yes,masquable:rule_based,historic_graphic_key_identity,accent+final_zx_s,courez | courés,"courez=[1,2,4,5] | courés=[3]",,2,2,0.667,2,0.667,0,0,1.000,coures,courez,courez,courés,courez,courez
scene5.txt,8,43,8,minor_punctuation,hide_safe,yes,masquable:rule_based,punctuation_only,punctuation_only,"trépas | trépas,","trépas=[2,3,4] | trépas,=[1,5]",,2,1,0.857,1,0.857,0,0,1.000,trepas,"trépas,",trépas,trépas,trépas,"trépas,"
scene5.txt,9,49,4,minor_graphic_safe,hide_safe,yes,masquable:rule_based,historic_graphic_key_identity,accent+apostrophe+u_v,m’éuiter | m’éviter,"m’éuiter=[1] | m’éviter=[2,3,4,5]",,2,1,0.875,1,0.875,0,0,1.000,meuiter,m’éuiter,m’éviter,m’éviter,m’éviter,m’éviter
scene5.txt,9,49,7,minor_graphic_safe,hide_safe,yes,masquable:rule_based,historic_graphic_key_identity,u_v,suiure | suivre,"suiure=[1] | suivre=[2,3,4,5]",,2,1,0.833,1,0.833,0,0,1.000,suiure,suiure,suivre,suivre,suivre,suivre
scene5.txt,10,55,2,minor_mixed,hide_safe,yes,masquable:rule_based,accent_only;spacing_or_hyphen_only,accent+spacing_or_hyphen_only,dussiez-vous | dûssiez-vous | dûssiez~vous,"dussiez-vous=[4] | dûssiez-vous=[3] | dûssiez~vous=[1,2,5]",,3,2,0.833,2,0.833,0,0,1.000,dusiesuous,dûssiez~vous,dûssiez~vous,dûssiez-vous,dussiez-vous,dûssiez~vous
scene5.txt,11,61,6,substantive,visible,no,visible:do_not_hide,low_similarity_or_real_rewriting,substantive_default,fust~elle | fût~elle,"fust~elle=[1,2,3,5] | fût~elle=[4]",,2,2,0.778,2,0.778,1,1,0.857,fustele | futele,fust~elle,fust~elle,fust~elle,fût~elle,fust~elle
scene5.txt,12,67,2,minor_graphic_safe,hide_safe,yes,masquable:rule_based,accent_only,accent,apres | aprés,"apres=[1,2,5] | aprés=[3,4]",,2,1,0.800,1,0.800,0,0,1.000,apres,apres,apres,aprés,aprés,apres
scene5.txt,12,67,5,minor_graphic_safe,hide_safe,yes,masquable:rule_based,historic_graphic_key_identity,u_v,viure | vivre,"viure=[1] | vivre=[2,3,4,5]",,2,1,0.800,1,0.800,0,0,1.000,uiure,viure,vivre,vivre,vivre,vivre
scene5.txt,12,67,7,minor_graphic_safe,hide_safe,yes,masquable:rule_based,historic_graphic_key_identity,double_consonant+final_zx_s+punctuation_removed_for_graphic_key,"couroux, | courroux,","couroux,=[4] | courroux,=[1,2,3,5]",,2,1,0.889,1,0.889,0,0,1.000,courous,"courroux,","courroux,","courroux,","couroux,","courroux,"
scene5.txt,13,73,1,minor_punctuation,hide_safe,yes,masquable:rule_based,punctuation_only,punctuation_only,"Inhumaine | Inhumaine,","Inhumaine=[1,2,3,5] | Inhumaine,=[4]",,2,1,0.900,1,0.900,0,0,1.000,inhumaine,Inhumaine,Inhumaine,Inhumaine,"Inhumaine,",Inhumaine
scene5.txt,13,73,2,minor_graphic_safe,hide_safe,yes,masquable:rule_based,historic_graphic_key_identity,i_j,ie | je,"ie=[1] | je=[2,3,4,5]",,2,1,0.500,1,0.500,0,0,1.000,ie,ie,je,je,je,je
scene5.txt,13,73,6,minor_graphic_safe,hide_safe,yes,masquable:rule_based,accent_only,accent,apres | aprés,"apres=[1,2,5] | aprés=[3,4]",,2,1,0.800,1,0.800,0,0,1.000,apres,apres,apres,aprés,aprés,apres
scene5.txt,14,79,3,minor_graphic_safe,hide_safe,yes,masquable:rule_based,historic_graphic_key_identity,accent+double_consonant+final_zx_s+u_v,verrez | verrés,"verrez=[1,2,4,5] | verrés=[3]",,2,2,0.667,2,0.667,0,0,1.000,ueres,verrez,verrez,verrés,verrez,verrez
scene5.txt,14,79,4,minor_graphic_safe,hide_safe,yes,masquable:rule_based,historic_graphic_key_identity,accent+i_j+narrow_historic_lexical+i_j+narrow_historic_lexical,tousiours | tousjours | toûjours,"tousiours=[1] | tousjours=[5] | toûjours=[2,3,4]",,3,3,0.667,3,0.667,0,0,1.000,touiours,tousiours,toûjours,toûjours,toûjours,tousjours
scene5.txt,14,79,8,minor_graphic_safe,hide_safe,yes,masquable:rule_based,accent_only,accent,"haine, | haïne,","haine,=[2,3,4,5] | haïne,=[1]",,2,1,0.833,1,0.833,0,0,1.000,haine,"haïne,","haine,","haine,","haine,","haine,"
scene5.txt,15,85,2,minor_graphic_safe,hide_safe,yes,masquable:rule_based,accent_only;historic_graphic_key_identity,accent+accent+i_j+narrow_historic_lexical+i_j+narrow_historic_lexical,toujours | tousjours | toûjours,"toujours=[2,4] | tousjours=[1,5] | toûjours=[3]",,3,2,0.778,2,0.778,0,0,1.000,touiours,tousjours,toujours,toûjours,toujours,tousjours
scene5.txt,15,85,4,substantive,visible,no,visible:do_not_hide,low_similarity_or_real_rewriting,substantive_default,souspirs | soûpirs,"souspirs=[1,2,5] | soûpirs=[3,4]",,2,2,0.750,2,0.750,1,1,0.875,soupirs | souspirs,souspirs,souspirs,soûpirs,soûpirs,souspirs
scene5.txt,17,97,4,minor_graphic_safe,hide_safe,yes,masquable:rule_based,historic_graphic_key_identity,accent+double_consonant+final_zx_s,pourrez | pourrés,"pourrez=[1,2,4,5] | pourrés=[3]",,2,2,0.714,2,0.714,0,0,1.000,poures,pourrez,pourrez,pourrés,pourrez,pourrez
scene5.txt,17,97,8,minor_graphic_safe,hide_safe,yes,masquable:rule_based,historic_graphic_key_identity,accent+apostrophe+punctuation_removed_for_graphic_key+u_v,m’éuiter. | m’éviter.,"m’éuiter.=[1] | m’éviter.=[2,3,4,5]",,2,1,0.889,1,0.889,0,0,1.000,meuiter,m’éuiter.,m’éviter.,m’éviter.,m’éviter.,m’éviter.
scene5.txt,20,115,5,minor_mixed,hide_safe,yes,masquable:rule_based,historic_graphic_key_identity;punctuation_only,punctuation_only+punctuation_removed_for_graphic_key+u_v,enuie. | envie. | envie….,"enuie.=[1] | envie.=[5] | envie….=[2,3,4]",,3,4,0.556,4,0.556,0,0,1.000,enuie,enuie.,envie….,envie….,envie….,envie.
scene5.txt,22,127,6,minor_graphic_safe,hide_safe,yes,masquable:rule_based,historic_graphic_key_identity,u_v,sauuer | sauver,"sauuer=[1] | sauver=[2,3,4,5]",,2,1,0.833,1,0.833,0,0,1.000,sauuer,sauuer,sauver,sauver,sauver,sauver
scene5.txt,22,127,8,minor_punctuation,hide_safe,yes,masquable:rule_based,punctuation_only,punctuation_only,"vie, | vie.","vie,=[1,5] | vie.=[2,3,4]",,2,1,0.750,1,0.750,0,0,1.000,uie,"vie,",vie.,vie.,vie.,"vie,"
scene5.txt,23,133,3,minor_punctuation,hide_safe,yes,masquable:rule_based,punctuation_only,punctuation_only,"transports | transports,","transports=[1,5] | transports,=[2,3,4]",,2,1,0.909,1,0.909,0,0,1.000,transpors,transports,"transports,","transports,","transports,",transports
scene5.txt,23,133,4,minor_graphic_safe,hide_safe,yes,masquable:rule_based,historic_graphic_key_identity,accent+final_zx_s+u_v,venez | venés,"venez=[1,2,4,5] | venés=[3]",,2,2,0.600,2,0.600,0,0,1.000,uenes,venez,venez,venés,venez,venez
scene5.txt,24,139,1,minor_graphic_safe,hide_safe,yes,masquable:rule_based,historic_graphic_key_identity,accent+final_zx_s+u_v,Venez | Venés,"Venez=[1,2,4,5] | Venés=[3]",,2,2,0.600,2,0.600,0,0,1.000,uenes,Venez,Venez,Venés,Venez,Venez
scene5.txt,24,139,3,minor_graphic_safe,hide_safe,yes,masquable:rule_based,historic_graphic_key_identity,accent+final_zx_s,terminez | terminés,"terminez=[1,2,4,5] | terminés=[3]",,2,2,0.750,2,0.750,0,0,1.000,termines,terminez,terminez,terminés,terminez,terminez
scene5.txt,24,139,5,minor_graphic_safe,hide_safe,yes,masquable:rule_based,accent_only,accent,detestables | détestables,"detestables=[3] | détestables=[1,2,4,5]",,2,1,0.909,1,0.909,0,0,1.000,detestables,détestables,détestables,detestables,détestables,détestables
scene5.txt,24,139,6,minor_mixed,hide_safe,yes,masquable:rule_based,historic_graphic_key_identity;punctuation_only,i_j+punctuation_removed_for_graphic_key+punctuation_only,"iours, | jours, | jours.","iours,=[1] | jours,=[5] | jours.=[2,3,4]",,3,2,0.667,2,0.667,0,0,1.000,iours,"iours,",jours.,jours.,jours.,"jours,"
scene5.txt,25,145,5,minor_graphic_safe,hide_safe,yes,masquable:rule_based,historic_graphic_key_identity,accent+final_zx_s,trompez | trompés,"trompez=[1,2,4,5] | trompés=[3]",,2,2,0.714,2,0.714,0,0,1.000,trompes,trompez,trompez,trompés,trompez,trompez
scene5.txt,26,151,1,minor_graphic_safe,hide_safe,yes,masquable:rule_based,historic_graphic_key_identity,y_i,Toi | Toy,"Toi=[3] | Toy=[1,2,4,5]",,2,1,0.667,1,0.667,0,0,1.000,toi,Toy,Toy,Toi,Toy,Toy
scene5.txt,26,151,6,minor_graphic_safe,hide_safe,yes,masquable:rule_based,historic_graphic_key_identity,y_i,foi | foy,"foi=[3] | foy=[1,2,4,5]",,2,1,0.667,1,0.667,0,0,1.000,foi,foy,foy,foi,foy,foy
scene5.txt,26,151,9,minor_punctuation,hide_safe,yes,masquable:rule_based,punctuation_only,punctuation_only,"Oracles, | Oracles.","Oracles,=[1,5] | Oracles.=[2,3,4]",,2,1,0.875,1,0.875,0,0,1.000,oracles,"Oracles,",Oracles.,Oracles.,Oracles.,"Oracles,"
scene5.txt,27,157,1,minor_graphic_safe,hide_safe,yes,masquable:rule_based,historic_graphic_key_identity,i_j,Ie | Je,"Ie=[1] | Je=[2,3,4,5]",,2,1,0.500,1,0.500,0,0,1.000,ie,Ie,Je,Je,Je,Je
scene5.txt,27,157,8,minor_graphic_safe,hide_safe,yes,masquable:rule_based,accent_only;historic_graphic_key_identity,accent+accent+i_j+punctuation_removed_for_graphic_key+i_j+punctuation_removed_for_graphic_key,"Laius, | Lajus, | Laïus,","Laius,=[3] | Lajus,=[4] | Laïus,=[1,2,5]",,3,1,0.833,1,0.833,0,0,1.000,laius,"Laïus,","Laïus,","Laius,","Lajus,","Laïus,"
scene5.txt,28,163,1,minor_graphic_safe,hide_safe,yes,masquable:rule_based,historic_graphic_key_identity,accent+final_zx_s+punctuation_removed_for_graphic_key+spacing_or_hyphen+y_i,"Perdez-moy, | Perdés-moi,","Perdez-moy,=[1,2,4,5] | Perdés-moi,=[3]",,2,3,0.727,3,0.727,0,0,1.000,perdesmoi,"Perdez-moy,","Perdez-moy,","Perdés-moi,","Perdez-moy,","Perdez-moy,"
scene5.txt,28,163,6,minor_graphic_safe,hide_safe,yes,masquable:rule_based,historic_graphic_key_identity,accent+final_zx_s,serez | serés,"serez=[1,2,4,5] | serés=[3]",,2,2,0.600,2,0.600,0,0,1.000,seres,serez,serez,serés,serez,serez
scene5.txt,28,163,7,mixed_minor_and_substantive,visible,no,visible:do_not_hide;contains_substantive_component,low_similarity_or_real_rewriting;punctuation_only,punctuation_only+substantive_default,déceûs | déceûs. | déçûs.,"déceûs=[2] | déceûs.=[1,5] | déçûs.=[3,4]",,3,3,0.500,3,0.500,1,1,0.833,deceus | decus,déceûs.,déceûs,déçûs.,déçûs.,déceûs.
scene5.txt,29,169,1,minor_graphic_safe,hide_safe,yes,masquable:rule_based,historic_graphic_key_identity,accent+final_zx_s+punctuation_removed_for_graphic_key,"Reprenez, | Reprenés,","Reprenez,=[1,2,4,5] | Reprenés,=[3]",,2,2,0.778,2,0.778,0,0,1.000,reprenes,"Reprenez,","Reprenez,","Reprenés,","Reprenez,","Reprenez,"
scene5.txt,29,169,2,minor_graphic_safe,hide_safe,yes,masquable:rule_based,historic_graphic_key_identity,accent+final_zx_s,reprenez | reprenés,"reprenez=[1,2,4,5] | reprenés=[3]",,2,2,0.750,2,0.750,0,0,1.000,reprenes,reprenez,reprenez,reprenés,reprenez,reprenez
scene5.txt,29,169,5,minor_punctuation,hide_safe,yes,masquable:rule_based,punctuation_only,punctuation_only,"funeste, | funeste.","funeste,=[1,5] | funeste.=[2,3,4]",,2,1,0.875,1,0.875,0,0,1.000,funeste,"funeste,",funeste.,funeste.,funeste.,"funeste,"
scene5.txt,30,175,2,minor_graphic_safe,hide_safe,yes,masquable:rule_based,historic_graphic_key_identity,accent+apostrophe+final_zx_s,m’ostez | m’ostés,"m’ostez=[1,2,4,5] | m’ostés=[3]",,2,2,0.714,2,0.714,0,0,1.000,mostes,m’ostez,m’ostez,m’ostés,m’ostez,m’ostez
scene5.txt,30,175,4,minor_graphic_safe,hide_safe,yes,masquable:rule_based,historic_graphic_key_identity,accent+final_zx_s+spacing_or_hyphen+y_i,ostez-moy | ostés-moi,"ostez-moy=[1,2,4,5] | ostés-moi=[3]",,2,3,0.667,3,0.667,0,0,1.000,ostesmoi,ostez-moy,ostez-moy,ostés-moi,ostez-moy,ostez-moy
scene5.txt,30,175,7,minor_punctuation,hide_safe,yes,masquable:rule_based,punctuation_only,punctuation_only,"reste, | reste.","reste,=[1,5] | reste.=[2,3,4]",,2,1,0.833,1,0.833,0,0,1.000,reste,"reste,",reste.,reste.,reste.,"reste,"
scene5.txt,31,181,2,substantive,visible,no,visible:do_not_hide,low_similarity_or_real_rewriting,substantive_default,Trosne | Trône,"Trosne=[1,2,5] | Trône=[3,4]",,2,2,0.667,2,0.667,1,1,0.833,trone | trosne,Trosne,Trosne,Trône,Trône,Trosne
scene5.txt,31,181,8,minor_mixed,hide_safe,yes,masquable:rule_based,historic_graphic_key_identity;punctuation_only,double_consonant+final_zx_s+punctuation_removed_for_graphic_key+punctuation_only,"couroux, | couroux. | courroux,","couroux,=[1,5] | couroux.=[4] | courroux,=[2,3]",,3,2,0.778,2,0.778,0,0,1.000,courous,"couroux,","courroux,","courroux,",couroux.,"couroux,"
scene5.txt,32,187,1,minor_graphic_safe,hide_safe,yes,masquable:rule_based,historic_graphic_key_identity,u_v,Un | Vn,"Un=[2,3,4,5] | Vn=[1]",,2,1,0.500,1,0.500,0,0,1.000,un,Vn,Un,Un,Un,Un
scene5.txt,32,187,9,minor_graphic_safe,hide_safe,yes,masquable:rule_based,historic_graphic_key_identity,i_j,ie | je,"ie=[1] | je=[2,3,4,5]",,2,1,0.500,1,0.500,0,0,1.000,ie,ie,je,je,je,je
scene5.txt,33,193,-1,whole_line_variant,visible,no,visible:do_not_hide,whole_line_variant_marker_or_lacuna,whole_line_variant_marker_or_lacuna," Accordez-le à mes vœux, accordez-le à mes crimes, |  Ne le refusez pas à mes vœux, à mes crimes. |  Ne le refusés pas à mes vœux, à mes crimes."," Accordez-le à mes vœux, accordez-le à mes crimes,=[1,5] |  Ne le refusez pas à mes vœux, à mes crimes.=[2,4] |  Ne le refusés pas à mes vœux, à mes crimes.=[3]",,3,,,,,,,,acordezleamesuoeuxacordezleamescrimes | nelerefusespasamesuoeuxamescrimes | nelerefusezpasamesuoeuxamescrimes," Accordez-le à mes vœux, accordez-le à mes crimes,"," Ne le refusez pas à mes vœux, à mes crimes."," Ne le refusés pas à mes vœux, à mes crimes."," Ne le refusez pas à mes vœux, à mes crimes."," Accordez-le à mes vœux, accordez-le à mes crimes,"
scene5.txt,34,199,1,mixed_minor_and_substantive,visible,no,visible:do_not_hide;contains_substantive_component,historic_graphic_key_identity;low_similarity_or_real_rewriting,accent+final_zx_s+i_j+substantive_default,Ajoustez | Ajoûtez | Ajoûtés,"Ajoustez=[1,2,5] | Ajoûtez=[4] | Ajoûtés=[3]",,3,4,0.500,4,0.500,1,1,0.875,aioustes | aioutes,Ajoustez,Ajoustez,Ajoûtés,Ajoûtez,Ajoustez
scene5.txt,34,199,7,minor_punctuation,hide_safe,yes,masquable:rule_based,punctuation_only,punctuation_only,"Victimes, | Victimes.","Victimes,=[1,5] | Victimes.=[2,3,4]",,2,1,0.889,1,0.889,0,0,1.000,uictimes,"Victimes,",Victimes.,Victimes.,Victimes.,"Victimes,"
scene5.txt,35,205,4,minor_graphic_safe,hide_safe,yes,masquable:rule_based,historic_graphic_key_identity,i_j,ie | je,"ie=[1] | je=[2,3,4,5]",,2,1,0.500,1,0.500,0,0,1.000,ie,ie,je,je,je,je
scene5.txt,35,205,10,minor_punctuation,hide_safe,yes,masquable:rule_based,punctuation_only,punctuation_only,"forfaits | forfaits,","forfaits=[2,3,4] | forfaits,=[1,5]",,2,1,0.889,1,0.889,0,0,1.000,forfais,"forfaits,",forfaits,forfaits,forfaits,"forfaits,"
scene5.txt,36,211,3,minor_spacing,hide_safe,yes,masquable:rule_based,spacing_or_hyphen_only,spacing_or_hyphen_only,dé-ja | déja,"dé-ja=[1,2,5] | déja=[3,4]",,2,1,0.800,1,0.800,0,0,1.000,deia,dé-ja,dé-ja,déja,déja,dé-ja
scene5.txt,36,211,9,minor_graphic_safe,hide_safe,yes,masquable:rule_based,historic_graphic_key_identity,apostrophe+i_j+y_i,j’ai | j’ay,"j’ai=[3] | j’ay=[1,2,4,5]",,2,1,0.750,1,0.750,0,0,1.000,iai,j’ay,j’ay,j’ai,j’ay,j’ay
scene5.txt,37,217,3,minor_graphic_safe,hide_safe,yes,masquable:rule_based,historic_graphic_key_identity,i_j+punctuation_removed_for_graphic_key,"Iocaste, | Jocaste,","Iocaste,=[1,2] | Jocaste,=[3,4,5]",,2,1,0.875,1,0.875,0,0,1.000,iocaste,"Iocaste,","Iocaste,","Jocaste,","Jocaste,","Jocaste,"
scene5.txt,38,223,4,minor_graphic_safe,hide_safe,yes,masquable:rule_based,historic_graphic_key_identity,apostrophe+i_j+y_i,j’ai | j’ay,"j’ai=[3] | j’ay=[1,2,4,5]",,2,1,0.750,1,0.750,0,0,1.000,iai,j’ay,j’ay,j’ai,j’ay,j’ay
scene5.txt,38,223,7,minor_graphic_safe,hide_safe,yes,masquable:rule_based,historic_graphic_key_identity,accent+apostrophe+u_v,m’éleuer | m’élever,"m’éleuer=[1] | m’élever=[2,3,4,5]",,2,1,0.875,1,0.875,0,0,1.000,meleuer,m’éleuer,m’élever,m’élever,m’élever,m’élever
scene5.txt,38,223,9,substantive,visible,no,visible:do_not_hide,low_similarity_or_real_rewriting,substantive_default,"Trosne, | Trône,","Trosne,=[1,2,5] | Trône,=[3,4]",,2,2,0.714,2,0.714,1,1,0.833,trone | trosne,"Trosne,","Trosne,","Trône,","Trône,","Trosne,"
scene5.txt,39,229,4,minor_punctuation,hide_safe,yes,masquable:rule_based,punctuation_only,punctuation_only,dont | d’ont,"dont=[2,3,4,5] | d’ont=[1]",,2,1,0.800,1,0.800,0,0,1.000,dont,d’ont,dont,dont,dont,dont
scene5.txt,39,229,5,minor_graphic_safe,hide_safe,yes,masquable:rule_based,historic_graphic_key_identity,apostrophe+i_j+y_i,i’ay | j’ai | j’ay,"i’ay=[1] | j’ai=[3] | j’ay=[2,4,5]",,3,2,0.500,2,0.500,0,0,1.000,iai,i’ay,j’ay,j’ai,j’ay,j’ay
scene5.txt,39,229,8,minor_punctuation,hide_safe,yes,masquable:rule_based,punctuation_only,punctuation_only,"maux | maux,","maux=[4] | maux,=[1,2,3,5]",,2,1,0.800,1,0.800,0,0,1.000,maus,"maux,","maux,","maux,",maux,"maux,"
scene5.txt,40,235,2,minor_spacing,hide_safe,yes,masquable:rule_based,spacing_or_hyphen_only,spacing_or_hyphen_only,dé-ja | déja,"dé-ja=[1,2,5] | déja=[3,4]",,2,1,0.800,1,0.800,0,0,1.000,deia,dé-ja,dé-ja,déja,déja,dé-ja
scene5.txt,41,241,1,minor_graphic_safe,hide_safe,yes,masquable:rule_based,historic_graphic_key_identity,accent+double_consonant+final_zx_s+punctuation_removed_for_graphic_key,"Arrestez, | Arrestés,","Arrestez,=[1,2,4,5] | Arrestés,=[3]",,2,2,0.778,2,0.778,0,0,1.000,arestes,"Arrestez,","Arrestez,","Arrestés,","Arrestez,","Arrestez,"
scene5.txt,42,247,6,minor_case,hide_safe,yes,masquable:rule_based,case_only,case_only,Terre | terre,"Terre=[1,5] | terre=[2,3,4]",,2,1,0.800,1,0.800,0,0,1.000,tere,Terre,terre,terre,terre,Terre
scene5.txt,42,247,8,minor_graphic_safe,hide_safe,yes,masquable:rule_based,historic_graphic_key_identity,apostrophe+punctuation_removed_for_graphic_key+u_v,"entr’ouuerte, | entr’ouverte,","entr’ouuerte,=[1] | entr’ouverte,=[2,3,4,5]",,2,1,0.923,1,0.923,0,0,1.000,entrouuerte,"entr’ouuerte,","entr’ouverte,","entr’ouverte,","entr’ouverte,","entr’ouverte,"
scene5.txt,44,259,2,minor_graphic_safe,hide_safe,yes,masquable:rule_based,historic_graphic_key_identity,i_j,ie | je,"ie=[1] | je=[2,3,4,5]",,2,1,0.500,1,0.500,0,0,1.000,ie,ie,je,je,je,je
scene5.txt,44,259,9,minor_punctuation,hide_safe,yes,masquable:rule_based,punctuation_only,punctuation_only,Enfers | Enfers.,"Enfers=[2] | Enfers.=[1,3,4,5]",,2,1,0.857,1,0.857,0,0,1.000,enfers,Enfers.,Enfers,Enfers.,Enfers.,Enfers.
scene5.txt,45,265,7,minor_punctuation,hide_safe,yes,masquable:rule_based,punctuation_only,punctuation_only,Gardes | Gardes.,"Gardes=[3,4] | Gardes.=[1,2,5]",,2,1,0.857,1,0.857,0,0,1.000,gardes,Gardes.,Gardes.,Gardes,Gardes,Gardes.
scene6.txt,4,19,1,minor_graphic_safe,hide_safe,yes,masquable:rule_based,historic_graphic_key_identity,accent+apostrophe+double_consonant+final_zx_s+punctuation_removed_for_graphic_key+spacing_or_hyphen+u_v+apostrophe+double_consonant+final_zx_s+punctuation_removed_for_graphic_key+spacing_or_hyphen+u_v,"QU’attendez-vous, | QU’attendés-vous, | Qv’attendez-vous,","QU’attendez-vous,=[2,4,5] | QU’attendés-vous,=[3] | Qv’attendez-vous,=[1]",,3,3,0.824,3,0.824,0,0,1.000,quatendesuous,"Qv’attendez-vous,","QU’attendez-vous,","QU’attendés-vous,","QU’attendez-vous,","QU’attendez-vous,"
scene6.txt,4,19,2,minor_punctuation,hide_safe,yes,masquable:rule_based,punctuation_only,punctuation_only,"Seigneur, | Seigneur~; | Seigneur~?","Seigneur,=[1,5] | Seigneur~;=[2,4] | Seigneur~?=[3]",,3,2,0.800,2,0.800,0,0,1.000,seigneur,"Seigneur,",Seigneur~;,Seigneur~?,Seigneur~;,"Seigneur,"
scene6.txt,6,31,3,minor_punctuation,hide_safe,yes,masquable:rule_based,punctuation_only,punctuation_only,"plus | plus,","plus=[1,2,5] | plus,=[3,4]",,2,1,0.800,1,0.800,0,0,1.000,plus,plus,plus,"plus,","plus,",plus
scene6.txt,8,43,2,substantive,visible,no,visible:do_not_hide,low_similarity_or_real_rewriting,substantive_default,regret | regrets,"regret=[2,3,4] | regrets=[1,5]",,2,1,0.857,1,0.857,1,1,0.833,regres | regret,regrets,regret,regret,regret,regrets
scene6.txt,10,55,3,minor_graphic_safe,hide_safe,yes,masquable:rule_based,historic_graphic_key_identity,accent+historic_s_before_consonant,mesme | même,"mesme=[1,2,3,5] | même=[4]",,2,2,0.600,2,0.600,0,0,1.000,meme,mesme,mesme,mesme,même,mesme
scene6.txt,11,61,3,minor_graphic_safe,hide_safe,yes,masquable:rule_based,historic_graphic_key_identity,i_j,ie | je,"ie=[1] | je=[2,3,4,5]",,2,1,0.500,1,0.500,0,0,1.000,ie,ie,je,je,je,je
scene6.txt,14,79,9,minor_punctuation,hide_safe,yes,masquable:rule_based,punctuation_only,punctuation_only,"tombée, | tombée.","tombée,=[1,5] | tombée.=[2,3,4]",,2,1,0.857,1,0.857,0,0,1.000,tombee,"tombée,",tombée.,tombée.,tombée.,"tombée,"
scene6.txt,15,85,1,minor_graphic_safe,hide_safe,yes,masquable:rule_based,historic_graphic_key_identity,accent+final_zx_s+i_j+final_zx_s+i_j,Iugez | Jugez | Jugés,"Iugez=[1] | Jugez=[2,4,5] | Jugés=[3]",,3,3,0.400,3,0.400,0,0,1.000,iuges,Iugez,Jugez,Jugés,Jugez,Jugez
scene6.txt,15,85,4,minor_graphic_safe,hide_safe,yes,masquable:rule_based,historic_graphic_key_identity,i_j,obiet | objet,"obiet=[1] | objet=[2,3,4,5]",,2,1,0.800,1,0.800,0,0,1.000,obiet,obiet,objet,objet,objet,objet
scene6.txt,15,85,7,minor_graphic_safe,hide_safe,yes,masquable:rule_based,historic_graphic_key_identity,apostrophe+i_j+y_i,i’ay | j’ai | j’ay,"i’ay=[1] | j’ai=[3] | j’ay=[2,4,5]",,3,2,0.500,2,0.500,0,0,1.000,iai,i’ay,j’ay,j’ai,j’ay,j’ay
scene6.txt,16,91,5,minor_graphic_safe,hide_safe,yes,masquable:rule_based,historic_graphic_key_identity,double_consonant,enfin | ennfin,"enfin=[2,3,4,5] | ennfin=[1]",,2,1,0.833,1,0.833,0,0,1.000,enfin,ennfin,enfin,enfin,enfin,enfin
scene6.txt,16,91,9,minor_punctuation,hide_safe,yes,masquable:rule_based,punctuation_only,punctuation_only,"sortir | sortir, | sortir.","sortir=[3] | sortir,=[2,4] | sortir.=[1,5]",,3,1,0.857,1,0.857,0,0,1.000,sortir,sortir.,"sortir,",sortir,"sortir,",sortir.
scene6.txt,17,97,5,minor_graphic_safe,hide_safe,yes,masquable:rule_based,historic_graphic_key_identity,y_i,toi | toy,"toi=[3] | toy=[1,2,4,5]",,2,1,0.667,1,0.667,0,0,1.000,toi,toy,toy,toi,toy,toy
scene6.txt,17,97,7,minor_graphic_safe,hide_safe,yes,masquable:rule_based,historic_graphic_key_identity,i_j,ie | je,"ie=[1] | je=[2,3,4,5]",,2,1,0.500,1,0.500,0,0,1.000,ie,ie,je,je,je,je
scene6.txt,17,97,9,minor_case,hide_safe,yes,masquable:rule_based,case_only,case_only,"Sacrifie, | sacrifie,","Sacrifie,=[1,5] | sacrifie,=[2,3,4]",,2,1,0.889,1,0.889,0,0,1.000,sacrifie,"Sacrifie,","sacrifie,","sacrifie,","sacrifie,","Sacrifie,"
scene6.txt,18,103,5,minor_graphic_safe,hide_safe,yes,masquable:rule_based,accent_only,accent,a | à,"a=[1,3,4,5] | à=[2]",,2,1,0.000,1,0.000,0,0,1.000,a,a,à,a,a,a
scene6.txt,19,109,1,minor_graphic_safe,hide_safe,yes,masquable:rule_based,historic_graphic_key_identity,apostrophe+i_j+y_i,I’ay | J’ai | J’ay,"I’ay=[1] | J’ai=[3] | J’ay=[2,4,5]",,3,2,0.500,2,0.500,0,0,1.000,iai,I’ay,J’ay,J’ai,J’ay,J’ay
scene6.txt,20,115,2,minor_graphic_safe,hide_safe,yes,masquable:rule_based,historic_graphic_key_identity,apostrophe+i_j+y_i,i’ay | j’ai | j’ay,"i’ay=[1] | j’ai=[3] | j’ay=[2,4,5]",,3,2,0.500,2,0.500,0,0,1.000,iai,i’ay,j’ay,j’ai,j’ay,j’ay
scene6.txt,20,115,8,minor_graphic_safe,hide_safe,yes,masquable:rule_based,historic_graphic_key_identity,u_v,suiure | suivre,"suiure=[1] | suivre=[2,3,4,5]",,2,1,0.833,1,0.833,0,0,1.000,suiure,suiure,suivre,suivre,suivre,suivre
scene6.txt,20,115,10,minor_punctuation,hide_safe,yes,masquable:rule_based,punctuation_only,punctuation_only,"pas, | pas.","pas,=[1,4,5] | pas.=[2,3]",,2,1,0.750,1,0.750,0,0,1.000,pas,"pas,",pas.,pas.,"pas,","pas,"
scene6.txt,22,127,6,substantive,visible,no,visible:do_not_hide,short_token_protected,short_token_protected,m’eust | m’eût,"m’eust=[1,2,5] | m’eût=[3,4]",,2,2,0.667,2,0.667,1,1,0.800,meust | meut,m’eust,m’eust,m’eût,m’eût,m’eust
scene6.txt,22,127,9,minor_punctuation,hide_safe,yes,masquable:rule_based,punctuation_only,punctuation_only,elle. | elle~!,"elle.=[1,5] | elle~!=[2,3,4]",,2,2,0.667,2,0.667,0,0,1.000,ele,elle.,elle~!,elle~!,elle~!,elle.
scene6.txt,23,133,3,minor_punctuation,hide_safe,yes,masquable:rule_based,punctuation_only,punctuation_only,va | va.,"va=[2] | va.=[1,3,4,5]",,2,1,0.667,1,0.667,0,0,1.000,ua,va.,va,va.,va.,va.
scene7.txt,4,19,2,minor_graphic_safe,hide_safe,yes,masquable:rule_based,historic_graphic_key_identity,double_consonant+final_zx_s,couroux | courroux,"couroux=[1,2,3,5] | courroux=[4]",,2,1,0.875,1,0.875,0,0,1.000,courous,couroux,couroux,couroux,courroux,couroux
scene7.txt,4,19,4,minor_graphic_safe,hide_safe,yes,masquable:rule_based,historic_graphic_key_identity,punctuation_removed_for_graphic_key+spacing_or_hyphen+y_i,adouci~? | adoucy~?,"adouci~?=[3] | adoucy~?=[1,2,4,5]",,2,1,0.875,1,0.875,0,0,1.000,adouci,adoucy~?,adoucy~?,adouci~?,adoucy~?,adoucy~?
scene7.txt,5,25,1,minor_mixed,hide_safe,yes,masquable:rule_based,historic_graphic_key_identity;punctuation_only,accent+final_zx_s+punctuation_removed_for_graphic_key+spacing_or_hyphen+u_v+y_i+accent+final_zx_s+spacing_or_hyphen+u_v+y_i+punctuation_only,"Croyez-vous | Croyez-vous, | Croyés-vous","Croyez-vous=[2,4] | Croyez-vous,=[1,5] | Croyés-vous=[3]",,3,3,0.750,3,0.750,0,0,1.000,croiesuous,"Croyez-vous,",Croyez-vous,Croyés-vous,Croyez-vous,"Croyez-vous,"
scene7.txt,7,37,1,minor_graphic_safe,hide_safe,yes,masquable:rule_based,accent_only;historic_graphic_key_identity,accent+accent+y_i,Ouy | Oüi | Oüy,"Ouy=[4] | Oüi=[3] | Oüy=[1,2,5]",,3,2,0.333,2,0.333,0,0,1.000,oui,Oüy,Oüy,Oüi,Ouy,Oüy
scene7.txt,7,37,2,minor_graphic_safe,hide_safe,yes,masquable:rule_based,accent_only;historic_graphic_key_identity,accent+accent+y_i,ouy | oüi | oüy,"ouy=[4] | oüi=[3] | oüy=[1,2,5]",,3,2,0.333,2,0.333,0,0,1.000,oui,oüy,oüy,oüi,ouy,oüy
scene7.txt,9,49,6,minor_graphic_safe,hide_safe,yes,masquable:rule_based,historic_graphic_key_identity,y_i,moi | moy,"moi=[3] | moy=[1,2,4,5]",,2,1,0.667,1,0.667,0,0,1.000,moi,moy,moy,moi,moy,moy
scene7.txt,9,49,9,minor_graphic_safe,hide_safe,yes,masquable:rule_based,historic_graphic_key_identity,i_j,iour | jour,"iour=[1] | jour=[2,3,4,5]",,2,1,0.750,1,0.750,0,0,1.000,iour,iour,jour,jour,jour,jour
scene7.txt,10,55,3,substantive,visible,no,visible:do_not_hide,low_similarity_or_real_rewriting,substantive_default,Trosne | Trône,"Trosne=[1,2,5] | Trône=[3,4]",,2,2,0.667,2,0.667,1,1,0.833,trone | trosne,Trosne,Trosne,Trône,Trône,Trosne
scene7.txt,11,61,1,minor_graphic_safe,hide_safe,yes,masquable:rule_based,historic_graphic_key_identity,i_j,Ie | Je,"Ie=[1] | Je=[2,3,4,5]",,2,1,0.500,1,0.500,0,0,1.000,ie,Ie,Je,Je,Je,Je
scene7.txt,11,61,9,substantive,visible,no,visible:do_not_hide,low_similarity_or_real_rewriting,substantive_default,"Trosne, | Trône,","Trosne,=[1,2,5] | Trône,=[3,4]",,2,2,0.714,2,0.714,1,1,0.833,trone | trosne,"Trosne,","Trosne,","Trône,","Trône,","Trosne,"
scene7.txt,12,67,8,minor_punctuation,hide_safe,yes,masquable:rule_based,punctuation_only,punctuation_only,"Antigone, | Antigone.","Antigone,=[1,5] | Antigone.=[2,3,4]",,2,1,0.889,1,0.889,0,0,1.000,antigone,"Antigone,",Antigone.,Antigone.,Antigone.,"Antigone,"
scene7.txt,13,73,7,minor_graphic_safe,hide_safe,yes,masquable:rule_based,historic_graphic_key_identity,double_consonant,flame | flamme,"flame=[4] | flamme=[1,2,3,5]",,2,1,0.833,1,0.833,0,0,1.000,flame,flamme,flamme,flamme,flame,flamme
scene7.txt,13,73,10,minor_graphic_safe,hide_safe,yes,masquable:rule_based,historic_graphic_key_identity,i_j,iour | jour,"iour=[1] | jour=[2,3,4,5]",,2,1,0.750,1,0.750,0,0,1.000,iour,iour,jour,jour,jour,jour
scene7.txt,14,79,5,minor_graphic_safe,hide_safe,yes,masquable:rule_based,historic_graphic_key_identity,u_v,faueur | faveur,"faueur=[1] | faveur=[2,3,4,5]",,2,1,0.833,1,0.833,0,0,1.000,faueur,faueur,faveur,faveur,faveur,faveur
scene7.txt,14,79,10,minor_punctuation,hide_safe,yes,masquable:rule_based,punctuation_only,punctuation_only,l’amour. | l’amour~:,"l’amour.=[2,3,4] | l’amour~:=[1,5]",,2,2,0.778,2,0.778,0,0,1.000,lamour,l’amour~:,l’amour.,l’amour.,l’amour.,l’amour~:
scene7.txt,15,85,4,minor_graphic_safe,hide_safe,yes,masquable:rule_based,historic_graphic_key_identity,y_i,moi | moy,"moi=[3] | moy=[1,2,4,5]",,2,1,0.667,1,0.667,0,0,1.000,moi,moy,moy,moi,moy,moy
scene7.txt,17,97,4,minor_graphic_safe,hide_safe,yes,masquable:rule_based,historic_graphic_key_identity,double_consonant+final_zx_s+punctuation_removed_for_graphic_key,"couroux, | courroux,","couroux,=[1,5] | courroux,=[2,3,4]",,2,1,0.889,1,0.889,0,0,1.000,courous,"couroux,","courroux,","courroux,","courroux,","couroux,"
scene7.txt,18,103,2,minor_graphic_safe,hide_safe,yes,masquable:rule_based,historic_graphic_key_identity,apostrophe+u_v,m’ouure | m’ouvre,"m’ouure=[1] | m’ouvre=[2,3,4,5]",,2,1,0.857,1,0.857,0,0,1.000,mouure,m’ouure,m’ouvre,m’ouvre,m’ouvre,m’ouvre
scene7.txt,18,103,4,minor_graphic_safe,hide_safe,yes,masquable:rule_based,historic_graphic_key_identity,accent+historic_s_before_consonant,mesme | même,"mesme=[1,2,3,5] | même=[4]",,2,2,0.600,2,0.600,0,0,1.000,meme,mesme,mesme,mesme,même,mesme
scene7.txt,18,103,8,substantive,visible,no,visible:do_not_hide,low_similarity_or_real_rewriting,substantive_default,trosne | trône,"trosne=[1,2,5] | trône=[3,4]",,2,2,0.667,2,0.667,1,1,0.833,trone | trosne,trosne,trosne,trône,trône,trosne
scene7.txt,20,115,3,minor_graphic_safe,hide_safe,yes,masquable:rule_based,historic_graphic_key_identity,punctuation_removed_for_graphic_key+u_v+y_i,"vrai, | vray,","vrai,=[4] | vray,=[1,2,3,5]",,2,1,0.800,1,0.800,0,0,1.000,urai,"vray,","vray,","vray,","vrai,","vray,"
scene7.txt,20,115,5,minor_graphic_safe,hide_safe,yes,masquable:rule_based,historic_graphic_key_identity,accent+final_zx_s+u_v+final_zx_s+u_v,auez | avez | avés,"auez=[1] | avez=[2,3,5] | avés=[4]",,3,3,0.250,3,0.250,0,0,1.000,aues,auez,avez,avez,avés,avez
scene7.txt,21,121,7,minor_graphic_safe,hide_safe,yes,masquable:rule_based,historic_graphic_key_identity,accent+apostrophe+final_zx_s,n’estiez | n’estiés,"n’estiez=[1,2,3,5] | n’estiés=[4]",,2,2,0.750,2,0.750,0,0,1.000,nesties,n’estiez,n’estiez,n’estiez,n’estiés,n’estiez
scene7.txt,21,121,9,minor_graphic_safe,hide_safe,yes,masquable:rule_based,accent_only,accent,"Pere. | Père,","Pere.=[2,3,4] | Père,=[1,5]",,2,2,0.600,2,0.600,0,0,1.000,pere,"Père,",Pere.,Pere.,Pere.,"Père,"
scene7.txt,23,133,1,minor_punctuation,hide_safe,yes,masquable:rule_based,punctuation_only,punctuation_only,"Mais | Mais,","Mais=[1,2,5] | Mais,=[3,4]",,2,1,0.800,1,0.800,0,0,1.000,mais,Mais,Mais,"Mais,","Mais,",Mais
scene7.txt,23,133,5,minor_graphic_safe,hide_safe,yes,masquable:rule_based,accent_only,accent,a | à,"a=[3,4] | à=[1,2,5]",,2,1,0.000,1,0.000,0,0,1.000,a,à,à,a,a,à
scene7.txt,23,133,8,minor_punctuation,hide_safe,yes,masquable:rule_based,punctuation_only,punctuation_only,pleurer | pleurer.,"pleurer=[3,4] | pleurer.=[1,2,5]",,2,1,0.875,1,0.875,0,0,1.000,pleurer,pleurer.,pleurer.,pleurer,pleurer,pleurer.
scene7.txt,26,151,1,minor_graphic_safe,hide_safe,yes,masquable:rule_based,accent_only;historic_graphic_key_identity,accent+accent+punctuation_removed_for_graphic_key+y_i,"Ouy, | Oüi, | Oüy,","Ouy,=[4] | Oüi,=[3] | Oüy,=[1,2,5]",,3,2,0.500,2,0.500,0,0,1.000,oui,"Oüy,","Oüy,","Oüi,","Ouy,","Oüy,"
scene7.txt,26,151,4,minor_punctuation,hide_safe,yes,masquable:rule_based,punctuation_only,punctuation_only,"m’afflige, | m’afflige.","m’afflige,=[1,2,3,5] | m’afflige.=[4]",,2,1,0.900,1,0.900,0,0,1.000,maflige,"m’afflige,","m’afflige,","m’afflige,",m’afflige.,"m’afflige,"
scene7.txt,27,157,2,minor_graphic_safe,hide_safe,yes,masquable:rule_based,historic_graphic_key_identity,accent+y_i,sçai | sçay,"sçai=[3] | sçay=[1,2,4,5]",,2,1,0.750,1,0.750,0,0,1.000,scai,sçay,sçay,sçai,sçay,sçay
scene7.txt,27,157,6,minor_graphic_safe,hide_safe,yes,masquable:rule_based,historic_graphic_key_identity,y_i,moi | moy,"moi=[3] | moy=[1,2,4,5]",,2,1,0.667,1,0.667,0,0,1.000,moi,moy,moy,moi,moy,moy
scene7.txt,27,157,11,minor_punctuation,hide_safe,yes,masquable:rule_based,punctuation_only,punctuation_only,"exige, | exige.","exige,=[1,2,3,5] | exige.=[4]",,2,1,0.833,1,0.833,0,0,1.000,exige,"exige,","exige,","exige,",exige.,"exige,"
scene7.txt,29,169,10,minor_graphic_safe,hide_safe,yes,masquable:rule_based,historic_graphic_key_identity,narrow_historic_lexical+punctuation_removed_for_graphic_key,gagner. | gaigner.,"gagner.=[3,4] | gaigner.=[1,2,5]",,2,1,0.875,1,0.875,0,0,1.000,gagner,gaigner.,gaigner.,gagner.,gagner.,gaigner.
scene7.txt,30,175,7,minor_graphic_safe,hide_safe,yes,masquable:rule_based,historic_graphic_key_identity,u_v,un | vn,"un=[2,3,4,5] | vn=[1]",,2,1,0.500,1,0.500,0,0,1.000,un,vn,un,un,un,un
scene7.txt,31,181,2,minor_graphic_safe,hide_safe,yes,masquable:rule_based,historic_graphic_key_identity,u_v,un | vn,"un=[2,3,4,5] | vn=[1]",,2,1,0.500,1,0.500,0,0,1.000,un,vn,un,un,un,un
scene7.txt,31,181,10,minor_punctuation,hide_safe,yes,masquable:rule_based,punctuation_only,punctuation_only,"guere, | guere.","guere,=[1,2,3,5] | guere.=[4]",,2,1,0.833,1,0.833,0,0,1.000,guere,"guere,","guere,","guere,",guere.,"guere,"
scene7.txt,32,187,1,minor_graphic_safe,hide_safe,yes,masquable:rule_based,historic_graphic_key_identity,u_v,Un | Vn,"Un=[2,3,4,5] | Vn=[1]",,2,1,0.500,1,0.500,0,0,1.000,un,Vn,Un,Un,Un,Un
scene7.txt,32,187,7,minor_graphic_safe,hide_safe,yes,masquable:rule_based,historic_graphic_key_identity,y_i,moi | moy,"moi=[3] | moy=[1,2,4,5]",,2,1,0.667,1,0.667,0,0,1.000,moi,moy,moy,moi,moy,moy
scene7.txt,32,187,10,minor_punctuation,hide_safe,yes,masquable:rule_based,punctuation_only,punctuation_only,doux~: | doux~;,"doux~:=[2,3,4,5] | doux~;=[1]",,2,1,0.833,1,0.833,0,0,1.000,dous,doux~;,doux~:,doux~:,doux~:,doux~:
scene7.txt,33,193,4,minor_graphic_safe,hide_safe,yes,masquable:rule_based,historic_graphic_key_identity,u_v,un | vn,"un=[2,3,4,5] | vn=[1]",,2,1,0.500,1,0.500,0,0,1.000,un,vn,un,un,un,un
scene7.txt,33,193,5,minor_spacing,hide_safe,yes,masquable:rule_based,spacing_or_hyphen_only,spacing_or_hyphen_only,bon-heur | bonheur,"bon-heur=[3,4] | bonheur=[1,2,5]",,2,1,0.875,1,0.875,0,0,1.000,bonheur,bonheur,bonheur,bon-heur,bon-heur,bonheur
scene7.txt,34,199,3,substantive,visible,no,visible:do_not_hide,low_similarity_or_real_rewriting,substantive_default,Trosne | Trône,"Trosne=[1,2,5] | Trône=[3,4]",,2,2,0.667,2,0.667,1,1,0.833,trone | trosne,Trosne,Trosne,Trône,Trône,Trosne
scene7.txt,34,199,5,minor_graphic_safe,hide_safe,yes,masquable:rule_based,historic_graphic_key_identity,u_v,un | vn,"un=[2,3,4,5] | vn=[1]",,2,1,0.500,1,0.500,0,0,1.000,un,vn,un,un,un,un
scene7.txt,34,199,11,minor_graphic_safe,hide_safe,yes,masquable:rule_based,historic_graphic_key_identity,punctuation_removed_for_graphic_key+u_v,"auare, | avare,","auare,=[1] | avare,=[2,3,4,5]",,2,1,0.833,1,0.833,0,0,1.000,auare,"auare,","avare,","avare,","avare,","avare,"
scene7.txt,35,205,2,minor_case,hide_safe,yes,masquable:rule_based,case_only,case_only,Reste | reste,"Reste=[2] | reste=[1,3,4,5]",,2,1,0.800,1,0.800,0,0,1.000,reste,reste,Reste,reste,reste,reste
scene7.txt,36,211,4,minor_graphic_safe,hide_safe,yes,masquable:rule_based,historic_graphic_key_identity,double_consonant+final_zx_s,honnorez | honorez,"honnorez=[2] | honorez=[1,3,4,5]",,2,1,0.875,1,0.875,0,0,1.000,honores,honorez,honnorez,honorez,honorez,honorez
scene7.txt,36,211,5,minor_graphic_safe,hide_safe,yes,masquable:rule_based,historic_graphic_key_identity,apostrophe+u_v,d’un | d’vn,"d’un=[2,3,4,5] | d’vn=[1]",,2,1,0.750,1,0.750,0,0,1.000,dun,d’vn,d’un,d’un,d’un,d’un
scene7.txt,36,211,8,substantive,visible,no,visible:do_not_hide,low_similarity_or_real_rewriting,substantive_default,"precieux, | pretieux,","precieux,=[4] | pretieux,=[1,2,3,5]",,2,1,0.889,1,0.889,1,1,0.875,precieus | pretieus,"pretieux,","pretieux,","pretieux,","precieux,","pretieux,"
scene7.txt,37,217,6,minor_graphic_safe,hide_safe,yes,masquable:rule_based,historic_graphic_key_identity,y_i,Rois | Roys,"Rois=[3,4] | Roys=[1,2,5]",,2,1,0.750,1,0.750,0,0,1.000,rois,Roys,Roys,Rois,Rois,Roys
scene7.txt,38,223,4,minor_graphic_safe,hide_safe,yes,masquable:rule_based,accent_only,accent,qu’Hemon | qu’Hémon,"qu’Hemon=[1,5] | qu’Hémon=[2,3,4]",,2,1,0.875,1,0.875,0,0,1.000,quhemon,qu’Hemon,qu’Hémon,qu’Hémon,qu’Hémon,qu’Hemon
scene7.txt,39,229,3,substantive,visible,no,visible:do_not_hide,short_token_protected,short_token_protected,eust | eut,"eust=[1,5] | eut=[2,3,4]",,2,1,0.750,1,0.750,1,1,0.750,eust | eut,eust,eut,eut,eut,eust
scene7.txt,39,229,7,minor_graphic_safe,hide_safe,yes,masquable:rule_based,historic_graphic_key_identity,u_v,une | vne,"une=[2,3,4,5] | vne=[1]",,2,1,0.667,1,0.667,0,0,1.000,une,vne,une,une,une,une
scene7.txt,39,229,8,minor_graphic_safe,hide_safe,yes,masquable:rule_based,accent_only,accent,extréme | extrême,"extréme=[2,3] | extrême=[1,4,5]",,2,1,0.857,1,0.857,0,0,1.000,extreme,extrême,extréme,extréme,extrême,extrême
scene7.txt,40,235,2,minor_graphic_safe,hide_safe,yes,masquable:rule_based,historic_graphic_key_identity,punctuation_removed_for_graphic_key+u_v,"viuoit, | vivoit,","viuoit,=[1] | vivoit,=[2,3,4,5]",,2,1,0.857,1,0.857,0,0,1.000,uiuoit,"viuoit,","vivoit,","vivoit,","vivoit,","vivoit,"
scene7.txt,41,241,3,minor_graphic_safe,hide_safe,yes,masquable:rule_based,historic_graphic_key_identity,u_v,priuant | privant,"priuant=[1] | privant=[2,3,4,5]",,2,1,0.857,1,0.857,0,0,1.000,priuant,priuant,privant,privant,privant,privant
scene7.txt,41,241,4,minor_graphic_safe,hide_safe,yes,masquable:rule_based,historic_graphic_key_identity,apostrophe+u_v,d’un | d’vn,"d’un=[2,3,4,5] | d’vn=[1]",,2,1,0.750,1,0.750,0,0,1.000,dun,d’vn,d’un,d’un,d’un,d’un
scene7.txt,41,241,9,minor_graphic_safe,hide_safe,yes,masquable:rule_based,historic_graphic_key_identity,u_v,un | vn,"un=[2,3,4,5] | vn=[1]",,2,1,0.500,1,0.500,0,0,1.000,un,vn,un,un,un,un
scene7.txt,41,241,10,minor_punctuation,hide_safe,yes,masquable:rule_based,punctuation_only,punctuation_only,"Rival, | Rival.","Rival,=[1,5] | Rival.=[2,3,4]",,2,1,0.833,1,0.833,0,0,1.000,riual,"Rival,",Rival.,Rival.,Rival.,"Rival,"
scene7.txt,44,259,4,minor_graphic_safe,hide_safe,yes,masquable:rule_based,historic_graphic_key_identity,double_consonant,rappeller | rappelller,"rappeller=[1,2,4,5] | rappelller=[3]",,2,1,0.900,1,0.900,0,0,1.000,rapeler,rappeller,rappeller,rappelller,rappeller,rappeller
scene7.txt,45,265,6,minor_graphic_safe,hide_safe,yes,masquable:rule_based,historic_graphic_key_identity,narrow_historic_lexical+punctuation_removed_for_graphic_key,"gagne, | gaigne,","gagne,=[3,4] | gaigne,=[1,2,5]",,2,1,0.857,1,0.857,0,0,1.000,gagne,"gaigne,","gaigne,","gagne,","gagne,","gaigne,"
scene7.txt,46,271,1,minor_graphic_safe,hide_safe,yes,masquable:rule_based,historic_graphic_key_identity,spacing_or_hyphen+y_i,Parle-moi | Parle-moy,"Parle-moi=[3] | Parle-moy=[1,2,4,5]",,2,1,0.889,1,0.889,0,0,1.000,parlemoi,Parle-moy,Parle-moy,Parle-moi,Parle-moy,Parle-moy
scene7.txt,46,271,4,minor_graphic_safe,hide_safe,yes,masquable:rule_based,historic_graphic_key_identity,spacing_or_hyphen+y_i,parle-moi | parle-moy,"parle-moi=[3] | parle-moy=[1,2,4,5]",,2,1,0.889,1,0.889,0,0,1.000,parlemoi,parle-moy,parle-moy,parle-moi,parle-moy,parle-moy
scene7.txt,47,277,1,minor_graphic_safe,hide_safe,yes,masquable:rule_based,historic_graphic_key_identity,apostrophe+i_j+y_i,I’auray | J’aurai | J’auray,"I’auray=[1] | J’aurai=[3] | J’auray=[2,4,5]",,3,2,0.714,2,0.714,0,0,1.000,iaurai,I’auray,J’auray,J’aurai,J’auray,J’auray
scene7.txt,47,277,6,minor_graphic_safe,hide_safe,yes,masquable:rule_based,historic_graphic_key_identity,apostrophe+i_j+y_i,j’ai | j’ay,"j’ai=[3] | j’ay=[1,2,4,5]",,2,1,0.750,1,0.750,0,0,1.000,iai,j’ay,j’ay,j’ai,j’ay,j’ay
scene7.txt,47,277,7,minor_spacing,hide_safe,yes,masquable:rule_based,spacing_or_hyphen_only,spacing_or_hyphen_only,dé-ja | déja,"dé-ja=[1,2,3,5] | déja=[4]",,2,1,0.800,1,0.800,0,0,1.000,deia,dé-ja,dé-ja,dé-ja,déja,dé-ja
scene7.txt,47,277,9,substantive,visible,no,visible:do_not_hide,low_similarity_or_real_rewriting,substantive_default,Trosne~; | Trône~;,"Trosne~;=[1,2,5] | Trône~;=[3,4]",,2,2,0.750,2,0.750,1,1,0.833,trone | trosne,Trosne~;,Trosne~;,Trône~;,Trône~;,Trosne~;
scene7.txt,48,283,7,minor_graphic_safe,hide_safe,yes,masquable:rule_based,historic_graphic_key_identity,apostrophe+u_v,qu’un | qu’vn,"qu’un=[2,3,4,5] | qu’vn=[1]",,2,1,0.800,1,0.800,0,0,1.000,quun,qu’vn,qu’un,qu’un,qu’un,qu’un
scene7.txt,48,283,10,minor_graphic_safe,hide_safe,yes,masquable:rule_based,historic_graphic_key_identity,punctuation_removed_for_graphic_key+y_i,"moi, | moy,","moi,=[3] | moy,=[1,2,4,5]",,2,1,0.750,1,0.750,0,0,1.000,moi,"moy,","moy,","moi,","moy,","moy,"
scene7.txt,49,289,1,minor_graphic_safe,hide_safe,yes,masquable:rule_based,historic_graphic_key_identity,apostrophe+i_j,I’estois | J’estois,"I’estois=[1] | J’estois=[2,3,4,5]",,2,1,0.875,1,0.875,0,0,1.000,iestois,I’estois,J’estois,J’estois,J’estois,J’estois
scene7.txt,49,289,5,minor_graphic_safe,hide_safe,yes,masquable:rule_based,historic_graphic_key_identity,i_j,ie | je,"ie=[1] | je=[2,3,4,5]",,2,1,0.500,1,0.500,0,0,1.000,ie,ie,je,je,je,je
scene7.txt,49,289,9,minor_graphic_safe,hide_safe,yes,masquable:rule_based,historic_graphic_key_identity,punctuation_removed_for_graphic_key+y_i,Roi. | Roy.,"Roi.=[3] | Roy.=[1,2,4,5]",,2,1,0.750,1,0.750,0,0,1.000,roi,Roy.,Roy.,Roi.,Roy.,Roy.
scene7.txt,50,295,5,substantive,visible,no,visible:do_not_hide,low_similarity_or_real_rewriting,substantive_default,Trosne | Trône,"Trosne=[1,2,5] | Trône=[3,4]",,2,2,0.667,2,0.667,1,1,0.833,trone | trosne,Trosne,Trosne,Trône,Trône,Trosne
scene7.txt,50,295,8,minor_graphic_safe,hide_safe,yes,masquable:rule_based,historic_graphic_key_identity,y_i,moi | moy,"moi=[3,4] | moy=[1,2,5]",,2,1,0.667,1,0.667,0,0,1.000,moi,moy,moy,moi,moi,moy
scene7.txt,53,313,1,mixed_minor_and_substantive,visible,no,visible:do_not_hide;contains_substantive_component,punctuation_only;short_token_protected,punctuation_only+short_token_protected,"Dieux, | Dieux~! | Dieu~!","Dieux,=[1,5] | Dieux~!=[3,4] | Dieu~!=[2]",,3,2,0.667,2,0.667,1,1,0.800,dieu | dieus,"Dieux,",Dieu~!,Dieux~!,Dieux~!,"Dieux,"
scene8.txt,4,19,7,substantive,visible,no,visible:do_not_hide,short_token_protected,short_token_protected,veû | vû,"veû=[1,2,5] | vû=[3,4]",,2,1,0.667,1,0.667,1,1,0.667,ueu | uu,veû,veû,vû,vû,veû
scene8.txt,6,31,5,minor_punctuation,hide_safe,yes,masquable:rule_based,punctuation_only,punctuation_only,"vain | vain,","vain=[4] | vain,=[1,2,3,5]",,2,1,0.800,1,0.800,0,0,1.000,uain,"vain,","vain,","vain,",vain,"vain,"
scene8.txt,7,37,5,substantive,visible,no,visible:do_not_hide,low_similarity_or_real_rewriting,substantive_default,rempars | reparts,"rempars=[1,2,3,5] | reparts=[4]",,2,2,0.714,2,0.714,1,1,0.857,rempars | repars,rempars,rempars,rempars,reparts,rempars
scene8.txt,7,37,6,minor_graphic_safe,hide_safe,yes,masquable:rule_based,historic_graphic_key_identity,apostrophe+i_j+y_i,j’ai | j’ay,"j’ai=[2,3] | j’ay=[1,4,5]",,2,1,0.750,1,0.750,0,0,1.000,iai,j’ay,j’ai,j’ai,j’ay,j’ay
scene8.txt,7,37,7,minor_graphic_safe,hide_safe,yes,masquable:rule_based,accent_only,accent,veu | veû,"veu=[2,3,4] | veû=[1,5]",,2,1,0.667,1,0.667,0,0,1.000,ueu,veû,veu,veu,veu,veû
scene8.txt,7,37,10,minor_punctuation,hide_safe,yes,masquable:rule_based,punctuation_only,punctuation_only,"larmes | larmes,","larmes=[2,3,4] | larmes,=[1,5]",,2,1,0.857,1,0.857,0,0,1.000,larmes,"larmes,",larmes,larmes,larmes,"larmes,"
scene8.txt,8,43,2,minor_case,hide_safe,yes,masquable:rule_based,case_only,case_only,Peuple | peuple,"Peuple=[1,5] | peuple=[2,3,4]",,2,1,0.833,1,0.833,0,0,1.000,peuple,Peuple,peuple,peuple,peuple,Peuple
scene8.txt,8,43,9,minor_punctuation,hide_safe,yes,masquable:rule_based,punctuation_only,punctuation_only,"armes, | armes~;","armes,=[1,2,3,5] | armes~;=[4]",,2,2,0.714,2,0.714,0,0,1.000,armes,"armes,","armes,","armes,",armes~;,"armes,"
scene8.txt,9,49,5,minor_punctuation,hide_safe,yes,masquable:rule_based,punctuation_only,punctuation_only,"enfin | enfin,","enfin=[1,5] | enfin,=[2,3,4]",,2,1,0.833,1,0.833,0,0,1.000,enfin,enfin,"enfin,","enfin,","enfin,",enfin
scene8.txt,10,55,2,minor_graphic_safe,hide_safe,yes,masquable:rule_based,historic_graphic_key_identity,y_i,Roi | Roy,"Roi=[3] | Roy=[1,2,4,5]",,2,1,0.667,1,0.667,0,0,1.000,roi,Roy,Roy,Roi,Roy,Roy
scene8.txt,10,55,10,minor_punctuation,hide_safe,yes,masquable:rule_based,punctuation_only,punctuation_only,"vainqueur, | vainqueur.","vainqueur,=[3] | vainqueur.=[1,2,4,5]",,2,1,0.900,1,0.900,0,0,1.000,uainqueur,vainqueur.,vainqueur.,"vainqueur,",vainqueur.,vainqueur.
scene8.txt,11,61,4,minor_graphic_safe,hide_safe,yes,masquable:rule_based,accent_only,accent,"d’Hemon, | d’Hémon,","d’Hemon,=[1,2,3,5] | d’Hémon,=[4]",,2,1,0.875,1,0.875,0,0,1.000,dhemon,"d’Hemon,","d’Hemon,","d’Hemon,","d’Hémon,","d’Hemon,"
scene8.txt,11,61,9,minor_punctuation,hide_safe,yes,masquable:rule_based,punctuation_only,punctuation_only,"courage | courage,","courage=[3,4] | courage,=[1,2,5]",,2,1,0.875,1,0.875,0,0,1.000,courage,"courage,","courage,",courage,courage,"courage,"
scene8.txt,14,79,4,minor_graphic_safe,hide_safe,yes,masquable:rule_based,historic_graphic_key_identity,apostrophe+i_j+y_i,j’ai | j’ay,"j’ai=[3] | j’ay=[1,2,4,5]",,2,1,0.750,1,0.750,0,0,1.000,iai,j’ay,j’ay,j’ai,j’ay,j’ay
scene8.txt,16,91,2,minor_graphic_safe,hide_safe,yes,masquable:rule_based,historic_graphic_key_identity,i_j,ie | je,"ie=[1] | je=[2,3,4,5]",,2,1,0.500,1,0.500,0,0,1.000,ie,ie,je,je,je,je
scene8.txt,16,91,6,minor_graphic_safe,hide_safe,yes,masquable:rule_based,accent_only,accent,Hemon | Hémon,"Hemon=[3] | Hémon=[1,2,4,5]",,2,1,0.800,1,0.800,0,0,1.000,hemon,Hémon,Hémon,Hemon,Hémon,Hémon
scene8.txt,17,97,4,minor_graphic_safe,hide_safe,yes,masquable:rule_based,accent_only,accent,eut | eût,"eut=[2,3,4] | eût=[1,5]",,2,1,0.667,1,0.667,0,0,1.000,eut,eût,eut,eut,eut,eût
scene8.txt,17,97,5,mixed_minor_and_substantive,visible,no,visible:do_not_hide;contains_substantive_component,historic_graphic_key_identity;low_similarity_or_real_rewriting,accent+i_j+narrow_historic_lexical+substantive_default,tousiouts | tousjours | toûjours,"tousiouts=[1] | tousjours=[5] | toûjours=[2,3,4]",,3,4,0.556,4,0.556,2,2,0.750,touiours | tousious,tousiouts,toûjours,toûjours,toûjours,tousjours
scene8.txt,17,97,10,minor_punctuation,hide_safe,yes,masquable:rule_based,punctuation_only,punctuation_only,"crime, | crime~:","crime,=[1,2,3,5] | crime~:=[4]",,2,2,0.714,2,0.714,0,0,1.000,crime,"crime,","crime,","crime,",crime~:,"crime,"
scene8.txt,18,103,1,minor_graphic_safe,hide_safe,yes,masquable:rule_based,historic_graphic_key_identity,i_j,Ie | Je,"Ie=[1] | Je=[2,3,4,5]",,2,1,0.500,1,0.500,0,0,1.000,ie,Ie,Je,Je,Je,Je
scene8.txt,19,109,3,minor_graphic_safe,hide_safe,yes,masquable:rule_based,historic_graphic_key_identity,apostrophe+u_v,l’auoit | l’avoit,"l’auoit=[1] | l’avoit=[2,3,4,5]",,2,1,0.857,1,0.857,0,0,1.000,lauoit,l’auoit,l’avoit,l’avoit,l’avoit,l’avoit
scene8.txt,20,115,6,minor_graphic_safe,hide_safe,yes,masquable:rule_based,historic_graphic_key_identity,u_v,pouuoit | pouvoit,"pouuoit=[1] | pouvoit=[2,3,4,5]",,2,1,0.857,1,0.857,0,0,1.000,pouuoit,pouuoit,pouvoit,pouvoit,pouvoit,pouvoit
scene8.txt,21,121,8,minor_graphic_safe,hide_safe,yes,masquable:rule_based,historic_graphic_key_identity,accent+apostrophe+historic_s_before_consonant+punctuation_removed_for_graphic_key+spacing_or_hyphen,s’esteindre~: | s’éteindre.,"s’esteindre~:=[1,5] | s’éteindre.=[2,3,4]",,2,4,0.692,4,0.692,0,0,1.000,seteindre,s’esteindre~:,s’éteindre.,s’éteindre.,s’éteindre.,s’esteindre~:
scene8.txt,22,127,2,minor_graphic_safe,hide_safe,yes,masquable:rule_based,historic_graphic_key_identity,accent+final_zx_s+punctuation_removed_for_graphic_key,"dénaturez | dénaturés,","dénaturez=[1,2,5] | dénaturés,=[3,4]",,2,3,0.700,3,0.700,0,0,1.000,denatures,dénaturez,dénaturez,"dénaturés,","dénaturés,",dénaturez
scene8.txt,22,127,4,minor_graphic_safe,hide_safe,yes,masquable:rule_based,accent_only,accent,voila | voilà,"voila=[1,5] | voilà=[2,3,4]",,2,1,0.800,1,0.800,0,0,1.000,uoila,voila,voilà,voilà,voilà,voila
scene8.txt,23,133,6,minor_graphic_safe,hide_safe,yes,masquable:rule_based,historic_graphic_key_identity,u_v,pouuoit | pouvoit,"pouuoit=[1] | pouvoit=[2,3,4,5]",,2,1,0.857,1,0.857,0,0,1.000,pouuoit,pouuoit,pouvoit,pouvoit,pouvoit,pouvoit
scene8.txt,24,139,2,substantive,visible,no,visible:do_not_hide,low_similarity_or_real_rewriting,substantive_default,Trosne | Trône,"Trosne=[1,2,5] | Trône=[3,4]",,2,2,0.667,2,0.667,1,1,0.833,trone | trosne,Trosne,Trosne,Trône,Trône,Trosne
scene8.txt,24,139,6,minor_graphic_safe,hide_safe,yes,masquable:rule_based,historic_graphic_key_identity,u_v,auoit | avoit,"auoit=[1] | avoit=[2,3,4,5]",,2,1,0.800,1,0.800,0,0,1.000,auoit,auoit,avoit,avoit,avoit,avoit
scene8.txt,25,145,2,minor_graphic_safe,hide_safe,yes,masquable:rule_based,historic_graphic_key_identity,double_consonant,falloit | faloit,"falloit=[1,2,5] | faloit=[3,4]",,2,1,0.857,1,0.857,0,0,1.000,faloit,falloit,falloit,faloit,faloit,falloit
scene8.txt,25,145,6,minor_graphic_safe,hide_safe,yes,masquable:rule_based,historic_graphic_key_identity,u_v,un | vn,"un=[2,3,4,5] | vn=[1]",,2,1,0.500,1,0.500,0,0,1.000,un,vn,un,un,un,un
scene8.txt,27,157,1,minor_graphic_safe,hide_safe,yes,masquable:rule_based,historic_graphic_key_identity,apostrophe+u_v,L’un | L’vn,"L’un=[2,3,4,5] | L’vn=[1]",,2,1,0.750,1,0.750,0,0,1.000,lun,L’vn,L’un,L’un,L’un,L’un
scene8.txt,27,157,2,minor_graphic_safe,hide_safe,yes,masquable:rule_based,historic_graphic_key_identity,y_i,parmi | parmy,"parmi=[3] | parmy=[1,2,4,5]",,2,1,0.800,1,0.800,0,0,1.000,parmi,parmy,parmy,parmi,parmy,parmy
scene8.txt,27,157,4,minor_graphic_safe,hide_safe,yes,masquable:rule_based,historic_graphic_key_identity,punctuation_removed_for_graphic_key+u_v,"viuans, | vivans,","viuans,=[1] | vivans,=[2,3,4,5]",,2,1,0.857,1,0.857,0,0,1.000,uiuans,"viuans,","vivans,","vivans,","vivans,","vivans,"
scene8.txt,27,157,6,minor_graphic_safe,hide_safe,yes,masquable:rule_based,historic_graphic_key_identity,y_i,parmi | parmy,"parmi=[3] | parmy=[1,2,4,5]",,2,1,0.800,1,0.800,0,0,1.000,parmi,parmy,parmy,parmi,parmy,parmy
scene8.txt,28,163,1,minor_graphic_safe,hide_safe,yes,masquable:rule_based,historic_graphic_key_identity,accent+final_zx_s,Infortunez | Infortunés,"Infortunez=[1,2,4,5] | Infortunés=[3]",,2,2,0.800,2,0.800,0,0,1.000,infortunes,Infortunez,Infortunez,Infortunés,Infortunez,Infortunez
scene8.txt,28,163,7,minor_punctuation,hide_safe,yes,masquable:rule_based,punctuation_only,punctuation_only,"déplore, | déplore~!","déplore,=[1,5] | déplore~!=[2,3,4]",,2,2,0.778,2,0.778,0,0,1.000,deplore,"déplore,",déplore~!,déplore~!,déplore~!,"déplore,"
scene8.txt,29,169,5,minor_graphic_safe,hide_safe,yes,masquable:rule_based,historic_graphic_key_identity,i_j,ie | je,"ie=[1] | je=[2,3,4,5]",,2,1,0.500,1,0.500,0,0,1.000,ie,ie,je,je,je,je
scene8.txt,30,175,8,minor_graphic_safe,hide_safe,yes,masquable:rule_based,historic_graphic_key_identity,accent+final_zx_s,tombez | tombés,"tombez=[1,2,4,5] | tombés=[3]",,2,2,0.667,2,0.667,0,0,1.000,tombes,tombez,tombez,tombés,tombez,tombez
scene8.txt,31,181,3,minor_graphic_safe,hide_safe,yes,masquable:rule_based,historic_graphic_key_identity,accent+final_zx_s,sentez | sentés,"sentez=[1,2,4,5] | sentés=[3]",,2,2,0.667,2,0.667,0,0,1.000,sentes,sentez,sentez,sentés,sentez,sentez
scene8.txt,32,187,-1,whole_line_variant,visible,no,visible:do_not_hide,whole_line_variant_marker_or_lacuna,whole_line_variant_marker_or_lacuna," (lacune) |  Quand on est au tombeau tous nos tourmens s’appaisent,"," (lacune)=[2,3,4] |  Quand on est au tombeau tous nos tourmens s’appaisent,=[1,5]",,2,,,,,,,,lacune | quandonestautombeautousnostourmensapaisent," Quand on est au tombeau tous nos tourmens s’appaisent,", (lacune), (lacune), (lacune)," Quand on est au tombeau tous nos tourmens s’appaisent,"
scene8.txt,33,193,-1,whole_line_variant,visible,no,visible:do_not_hide,whole_line_variant_marker_or_lacuna,whole_line_variant_marker_or_lacuna," (lacune) |  Quand on est furieux tous nos crimes nous plaisent,"," (lacune)=[2,3,4] |  Quand on est furieux tous nos crimes nous plaisent,=[1,5]",,2,,,,,,,,lacune | quandonestfurieuxtousnoscrimesnousplaisent," Quand on est furieux tous nos crimes nous plaisent,", (lacune), (lacune), (lacune)," Quand on est furieux tous nos crimes nous plaisent,"
scene8.txt,34,199,-1,whole_line_variant,visible,no,visible:do_not_hide,whole_line_variant_marker_or_lacuna,whole_line_variant_marker_or_lacuna," (lacune) |  Des plus cruels mal-heurs le trépas vient à bout,"," (lacune)=[2,3,4] |  Des plus cruels mal-heurs le trépas vient à bout,=[1,5]",,2,,,,,,,,despluscruelsmalheursletrepasuientabout | lacune," Des plus cruels mal-heurs le trépas vient à bout,", (lacune), (lacune), (lacune)," Des plus cruels mal-heurs le trépas vient à bout,"
scene8.txt,35,205,-1,whole_line_variant,visible,no,visible:do_not_hide,whole_line_variant_marker_or_lacuna,whole_line_variant_marker_or_lacuna," (lacune) |  La fureur ne sent rien, mais la douleur sent tout."," (lacune)=[2,3,4] |  La fureur ne sent rien, mais la douleur sent tout.=[1,5]",,2,,,,,,,,lacune | lafureurnesentrienmaisladouleursentout," La fureur ne sent rien, mais la douleur sent tout.", (lacune), (lacune), (lacune)," La fureur ne sent rien, mais la douleur sent tout."
scene8.txt,36,211,-1,whole_line_variant,visible,no,visible:do_not_hide,whole_line_variant_marker_or_lacuna,whole_line_variant_marker_or_lacuna, (lacune) |  Cette viue douleur dont ie suis la victime |  Cette vive douleur dont je suis la victime," (lacune)=[2,3,4] |  Cette viue douleur dont ie suis la victime=[1] |  Cette vive douleur dont je suis la victime=[5]",,3,,,,,,,,ceteuiuedouleurdontiesuislauictime | lacune, Cette viue douleur dont ie suis la victime, (lacune), (lacune), (lacune), Cette vive douleur dont je suis la victime
scene8.txt,37,217,-1,whole_line_variant,visible,no,visible:do_not_hide,whole_line_variant_marker_or_lacuna,whole_line_variant_marker_or_lacuna," (lacune) |  Ressent la mort de l’un, & de l’autre le crime, |  Ressent la mort de l’vn, & de l’autre le crime,"," (lacune)=[2,3,4] |  Ressent la mort de l’un, & de l’autre le crime,=[5] |  Ressent la mort de l’vn, & de l’autre le crime,=[1]",,3,,,,,,,,lacune | resentlamortdelundelautrelecrime," Ressent la mort de l’vn, & de l’autre le crime,", (lacune), (lacune), (lacune)," Ressent la mort de l’un, & de l’autre le crime,"
scene8.txt,38,223,-1,whole_line_variant,visible,no,visible:do_not_hide,whole_line_variant_marker_or_lacuna,whole_line_variant_marker_or_lacuna," (lacune) |  Le sort de tous les deux me deschire le cœur,"," (lacune)=[2,3,4] |  Le sort de tous les deux me deschire le cœur,=[1,5]",,2,,,,,,,,lacune | lesortdetouslesdeuxmedeschirelecoeur," Le sort de tous les deux me deschire le cœur,", (lacune), (lacune), (lacune)," Le sort de tous les deux me deschire le cœur,"
scene8.txt,39,229,-1,whole_line_variant,visible,no,visible:do_not_hide,whole_line_variant_marker_or_lacuna,whole_line_variant_marker_or_lacuna," (lacune) |  Et plaignant le vaincu, je pleure le Vainqueur."," (lacune)=[2,3,4] |  Et plaignant le vaincu, je pleure le Vainqueur.=[1,5]",,2,,,,,,,,etplaignantleuaincuiepleureleuainqueur | lacune," Et plaignant le vaincu, je pleure le Vainqueur.", (lacune), (lacune), (lacune)," Et plaignant le vaincu, je pleure le Vainqueur."
scene8.txt,40,235,-1,whole_line_variant,visible,no,visible:do_not_hide,whole_line_variant_marker_or_lacuna,whole_line_variant_marker_or_lacuna, (lacune) |  A ce cruel Vainqueur quel acüeil dois-je faire~?," (lacune)=[2,3,4] |  A ce cruel Vainqueur quel acüeil dois-je faire~?=[1,5]",,2,,,,,,,,acecrueluainqueurquelacueildoisiefaire | lacune, A ce cruel Vainqueur quel acüeil dois-je faire~?, (lacune), (lacune), (lacune), A ce cruel Vainqueur quel acüeil dois-je faire~?
scene8.txt,41,241,-1,whole_line_variant,visible,no,visible:do_not_hide,whole_line_variant_marker_or_lacuna,whole_line_variant_marker_or_lacuna," (lacune) |  S’il est mon Frere, Olympe, il a tué mon Frere,"," (lacune)=[2,3,4] |  S’il est mon Frere, Olympe, il a tué mon Frere,=[1,5]",,2,,,,,,,,lacune | silestmonfrereolimpeilatuemonfrere," S’il est mon Frere, Olympe, il a tué mon Frere,", (lacune), (lacune), (lacune)," S’il est mon Frere, Olympe, il a tué mon Frere,"
scene8.txt,42,247,-1,whole_line_variant,visible,no,visible:do_not_hide,whole_line_variant_marker_or_lacuna,whole_line_variant_marker_or_lacuna," (lacune) |  La nature est confuse & se taist aujourd’huy,"," (lacune)=[2,3,4] |  La nature est confuse & se taist aujourd’huy,=[1,5]",,2,,,,,,,,lacune | lanatureestconfusesetaistauiourdhui," La nature est confuse & se taist aujourd’huy,", (lacune), (lacune), (lacune)," La nature est confuse & se taist aujourd’huy,"
scene8.txt,43,253,-1,whole_line_variant,visible,no,visible:do_not_hide,whole_line_variant_marker_or_lacuna,whole_line_variant_marker_or_lacuna," (lacune) |  Elle n’ose parler pour luy, ny contre luy."," (lacune)=[2,3,4] |  Elle n’ose parler pour luy, ny contre luy.=[1,5]",,2,,,,,,,,elenoseparlerpourluinicontrelui | lacune," Elle n’ose parler pour luy, ny contre luy.", (lacune), (lacune), (lacune)," Elle n’ose parler pour luy, ny contre luy."
scene8.txt,45,265,5,minor_spacing,hide_safe,yes,masquable:rule_based,spacing_or_hyphen_only,spacing_or_hyphen_only,mal-heur | malheur,"mal-heur=[2] | malheur=[1,3,4,5]",,2,1,0.875,1,0.875,0,0,1.000,malheur,malheur,mal-heur,malheur,malheur,malheur
scene8.txt,45,265,7,minor_graphic_safe,hide_safe,yes,masquable:rule_based,historic_graphic_key_identity,u_v,un | vn,"un=[2,3,4,5] | vn=[1]",,2,1,0.500,1,0.500,0,0,1.000,un,vn,un,un,un,un
scene8.txt,45,265,9,minor_graphic_safe,hide_safe,yes,masquable:rule_based,historic_graphic_key_identity,double_consonant+punctuation_removed_for_graphic_key,"suplice, | supplice,","suplice,=[1,4,5] | supplice,=[2,3]",,2,1,0.889,1,0.889,0,0,1.000,suplice,"suplice,","supplice,","supplice,","suplice,","suplice,"
scene8.txt,46,271,7,minor_graphic_safe,hide_safe,yes,masquable:rule_based,historic_graphic_key_identity,accent+u_v,enleué | enlevé,"enleué=[1] | enlevé=[2,3,4,5]",,2,1,0.833,1,0.833,0,0,1.000,enleue,enleué,enlevé,enlevé,enlevé,enlevé
scene8.txt,46,271,8,minor_punctuation,hide_safe,yes,masquable:rule_based,punctuation_only,punctuation_only,"Polinice, | Polinice.","Polinice,=[1,2,5] | Polinice.=[3,4]",,2,1,0.889,1,0.889,0,0,1.000,polinice,"Polinice,","Polinice,",Polinice.,Polinice.,"Polinice,"
scene8.txt,48,283,4,minor_graphic_safe,hide_safe,yes,masquable:rule_based,historic_graphic_key_identity,y_i,Roi | Roy,"Roi=[3] | Roy=[1,2,4,5]",,2,1,0.667,1,0.667,0,0,1.000,roi,Roy,Roy,Roi,Roy,Roy
scene8.txt,48,283,6,minor_mixed,inspect,no,inspect:do_not_hide_yet,high_graphic_similarity:0.900,levenshtein_alert,touchoient | touchoiet,"touchoient=[1,2,3,5] | touchoiet=[4]",,2,1,0.900,1,0.900,1,1,0.900,touchoient | touchoiet,touchoient,touchoient,touchoient,touchoiet,touchoient
scene8.txt,50,295,3,minor_mixed,hide_safe,yes,masquable:rule_based,historic_graphic_key_identity;punctuation_only,punctuation_only+punctuation_removed_for_graphic_key+u_v+y_i+u_v+y_i,"vrai | vrai, | vray","vrai=[3] | vrai,=[4] | vray=[1,2,5]",,3,2,0.600,2,0.600,0,0,1.000,urai,vray,vray,vrai,"vrai,",vray
scene8.txt,50,295,6,minor_graphic_safe,hide_safe,yes,masquable:rule_based,historic_graphic_key_identity,apostrophe+u_v,d’une | d’vne,"d’une=[2,3,4,5] | d’vne=[1]",,2,1,0.800,1,0.800,0,0,1.000,dune,d’vne,d’une,d’une,d’une,d’une
scene8.txt,51,301,1,minor_graphic_safe,hide_safe,yes,masquable:rule_based,historic_graphic_key_identity,i_j,Ie | Je,"Ie=[1] | Je=[2,3,4,5]",,2,1,0.500,1,0.500,0,0,1.000,ie,Ie,Je,Je,Je,Je
scene8.txt,51,301,6,minor_graphic_safe,hide_safe,yes,masquable:rule_based,historic_graphic_key_identity,i_j,ie | je,"ie=[1] | je=[2,3,4,5]",,2,1,0.500,1,0.500,0,0,1.000,ie,ie,je,je,je,je
scene8.txt,52,307,-1,whole_line_variant,visible,no,visible:do_not_hide,whole_line_variant_marker_or_lacuna,whole_line_variant_marker_or_lacuna," Et ce qui le rendoit agreable à mes yeux, |  Et ce qui lui donnoit tant de part dans mes vœux, |  Et ce qui luy donnoit tant de part dans mes vœux,"," Et ce qui le rendoit agreable à mes yeux,=[1,5] |  Et ce qui lui donnoit tant de part dans mes vœux,=[2,3] |  Et ce qui luy donnoit tant de part dans mes vœux,=[4]",,3,,,,,,,,etcequilerendoitagreableamesieus | etcequiluidonoitantdepartdansmesuoeus," Et ce qui le rendoit agreable à mes yeux,"," Et ce qui lui donnoit tant de part dans mes vœux,"," Et ce qui lui donnoit tant de part dans mes vœux,"," Et ce qui luy donnoit tant de part dans mes vœux,"," Et ce qui le rendoit agreable à mes yeux,"
scene8.txt,55,325,3,minor_graphic_safe,hide_safe,yes,masquable:rule_based,historic_graphic_key_identity,u_v,un | vn,"un=[2,3,4,5] | vn=[1]",,2,1,0.500,1,0.500,0,0,1.000,un,vn,un,un,un,un
scene8.txt,55,325,5,minor_graphic_safe,hide_safe,yes,masquable:rule_based,accent_only,accent,qu’a | qu’à,"qu’a=[2,3,4,5] | qu’à=[1]",,2,1,0.750,1,0.750,0,0,1.000,qua,qu’à,qu’a,qu’a,qu’a,qu’a
scene8.txt,55,325,8,minor_punctuation,hide_safe,yes,masquable:rule_based,punctuation_only,punctuation_only,"crime, | crime~;","crime,=[1,2,3,5] | crime~;=[4]",,2,2,0.714,2,0.714,0,0,1.000,crime,"crime,","crime,","crime,",crime~;,"crime,"
scene8.txt,56,331,5,minor_graphic_safe,hide_safe,yes,masquable:rule_based,historic_graphic_key_identity,y_i,lui | luy,"lui=[3] | luy=[1,2,4,5]",,2,1,0.667,1,0.667,0,0,1.000,lui,luy,luy,lui,luy,luy
scene8.txt,57,337,1,minor_graphic_safe,hide_safe,yes,masquable:rule_based,historic_graphic_key_identity,u_v,Deuenant | Devenant,"Deuenant=[1] | Devenant=[2,3,4,5]",,2,1,0.875,1,0.875,0,0,1.000,deuenant,Deuenant,Devenant,Devenant,Devenant,Devenant
scene8.txt,57,337,2,minor_spacing,hide_safe,yes,masquable:rule_based,spacing_or_hyphen_only,spacing_or_hyphen_only,"mal-heureux, | malheureux,","mal-heureux,=[1,2,3,5] | malheureux,=[4]",,2,1,0.917,1,0.917,0,0,1.000,malheureus,"mal-heureux,","mal-heureux,","mal-heureux,","malheureux,","mal-heureux,"
scene8.txt,57,337,5,minor_graphic_safe,hide_safe,yes,masquable:rule_based,historic_graphic_key_identity,u_v,deuenu | devenu,"deuenu=[1] | devenu=[2,3,4,5]",,2,1,0.833,1,0.833,0,0,1.000,deuenu,deuenu,devenu,devenu,devenu,devenu
scene8.txt,59,349,1,minor_graphic_safe,hide_safe,yes,masquable:rule_based,accent_only,accent,Creon | Créon,"Creon=[1,2,5] | Créon=[3,4]",,2,1,0.800,1,0.800,0,0,1.000,creon,Creon,Creon,Créon,Créon,Creon
scene8.txt,61,361,8,minor_punctuation,hide_safe,yes,masquable:rule_based,punctuation_only,punctuation_only,"cause, | cause.","cause,=[1,5] | cause.=[2,3,4]",,2,1,0.833,1,0.833,0,0,1.000,cause,"cause,",cause.,cause.,cause.,"cause,"
scene8.txt,62,367,2,minor_graphic_safe,hide_safe,yes,masquable:rule_based,historic_graphic_key_identity,double_consonant+final_zx_s,couroux | courroux,"couroux=[1,3,4,5] | courroux=[2]",,2,1,0.875,1,0.875,0,0,1.000,courous,couroux,courroux,couroux,couroux,couroux
scene8.txt,62,367,8,minor_graphic_safe,hide_safe,yes,masquable:rule_based,historic_graphic_key_identity,y_i,Roi | Roy,"Roi=[3] | Roy=[1,2,4,5]",,2,1,0.667,1,0.667,0,0,1.000,roi,Roy,Roy,Roi,Roy,Roy
scene8.txt,62,367,9,minor_punctuation,hide_safe,yes,masquable:rule_based,punctuation_only,punctuation_only,"l’expose, | l’expose.","l’expose,=[1,2,3,5] | l’expose.=[4]",,2,1,0.889,1,0.889,0,0,1.000,lexpose,"l’expose,","l’expose,","l’expose,",l’expose.,"l’expose,"
scene8.txt,63,373,5,minor_spacing,hide_safe,yes,masquable:rule_based,spacing_or_hyphen_only,spacing_or_hyphen_only,mal-heurs | malheurs,"mal-heurs=[1,2,3,5] | malheurs=[4]",,2,1,0.889,1,0.889,0,0,1.000,malheurs,mal-heurs,mal-heurs,mal-heurs,malheurs,mal-heurs
scene8.txt,63,373,6,substantive,visible,no,visible:do_not_hide,low_similarity_or_real_rewriting,substantive_default,l’auteur | l’autheur,"l’auteur=[3,4] | l’autheur=[1,2,5]",,2,1,0.889,1,0.889,1,1,0.875,lauteur | lautheur,l’autheur,l’autheur,l’auteur,l’auteur,l’autheur
scene9.txt,4,19,2,minor_graphic_safe,hide_safe,yes,masquable:rule_based,historic_graphic_key_identity,apostrophe+i_j+spacing_or_hyphen+y_i,qu’ai-je | qu’ay-je,"qu’ai-je=[3] | qu’ay-je=[1,2,4,5]",,2,1,0.875,1,0.875,0,0,1.000,quaiie,qu’ay-je,qu’ay-je,qu’ai-je,qu’ay-je,qu’ay-je
scene9.txt,5,25,2,minor_graphic_safe,hide_safe,yes,masquable:rule_based,historic_graphic_key_identity,u_v+y_i,vrai | vray,"vrai=[3] | vray=[1,2,4,5]",,2,1,0.750,1,0.750,0,0,1.000,urai,vray,vray,vrai,vray,vray
scene9.txt,7,37,1,minor_graphic_safe,hide_safe,yes,masquable:rule_based,accent_only;historic_graphic_key_identity,accent+accent+punctuation_removed_for_graphic_key+y_i,"Ouy, | Oüi, | Oüy,","Ouy,=[4] | Oüi,=[3] | Oüy,=[1,2,5]",,3,2,0.500,2,0.500,0,0,1.000,oui,"Oüy,","Oüy,","Oüi,","Ouy,","Oüy,"
scene9.txt,7,37,2,minor_graphic_safe,hide_safe,yes,masquable:rule_based,accent_only,accent,"Creon | Créon,","Creon=[1,2,5] | Créon,=[3,4]",,2,2,0.667,2,0.667,0,0,1.000,creon,Creon,Creon,"Créon,","Créon,",Creon
scene9.txt,7,37,3,minor_spacing,hide_safe,yes,masquable:rule_based,spacing_or_hyphen_only,spacing_or_hyphen_only,elle-est | elle~est,"elle-est=[1,5] | elle~est=[2,3,4]",,2,1,0.875,1,0.875,0,0,1.000,eleest,elle-est,elle~est,elle~est,elle~est,elle-est
scene9.txt,9,49,3,minor_case,hide_safe,yes,masquable:rule_based,case_only,case_only,Puis-je | puis-je,"Puis-je=[1,5] | puis-je=[2,3,4]",,2,1,0.857,1,0.857,0,0,1.000,puisie,Puis-je,puis-je,puis-je,puis-je,Puis-je
scene9.txt,9,49,4,minor_graphic_safe,hide_safe,yes,masquable:rule_based,historic_graphic_key_identity,accent+u_v,sçauoir | sçavoir,"sçauoir=[1] | sçavoir=[2,3,4,5]",,2,1,0.857,1,0.857,0,0,1.000,scauoir,sçauoir,sçavoir,sçavoir,sçavoir,sçavoir
scene9.txt,9,49,7,substantive,visible,no,visible:do_not_hide,low_similarity_or_real_rewriting,substantive_default,estrange | étrange,"estrange=[1,5] | étrange=[2,3,4]",,2,2,0.750,2,0.750,1,1,0.875,estrange | etrange,estrange,étrange,étrange,étrange,estrange
scene9.txt,9,49,8,minor_punctuation,hide_safe,yes,masquable:rule_based,punctuation_only,punctuation_only,"sorte | sorte,","sorte=[1,5] | sorte,=[2,3,4]",,2,1,0.833,1,0.833,0,0,1.000,sorte,sorte,"sorte,","sorte,","sorte,",sorte
scene9.txt,10,55,3,minor_graphic_safe,hide_safe,yes,masquable:rule_based,historic_graphic_key_identity,accent+final_zx_s,infortunez | infortunés,"infortunez=[1,2,4,5] | infortunés=[3]",,2,2,0.800,2,0.800,0,0,1.000,infortunes,infortunez,infortunez,infortunés,infortunez,infortunez
scene9.txt,10,55,5,substantive,visible,no,visible:do_not_hide,low_similarity_or_real_rewriting,substantive_default,esteint | éteint,"esteint=[1,5] | éteint=[2,3,4]",,2,2,0.714,2,0.714,1,1,0.857,esteint | eteint,esteint,éteint,éteint,éteint,esteint
scene9.txt,12,67,1,minor_graphic_safe,hide_safe,yes,masquable:rule_based,historic_graphic_key_identity,accent+double_consonant+historic_s_before_consonant+punctuation_removed_for_graphic_key+spacing_or_hyphen,"Elle-mesme, | Elle-même,","Elle-mesme,=[1,2,3,5] | Elle-même,=[4]",,2,2,0.818,2,0.818,0,0,1.000,elememe,"Elle-mesme,","Elle-mesme,","Elle-mesme,","Elle-même,","Elle-mesme,"
scene9.txt,12,67,4,minor_graphic_safe,hide_safe,yes,masquable:rule_based,historic_graphic_key_identity,u_v,ouuert | ouvert,"ouuert=[1] | ouvert=[2,3,4,5]",,2,1,0.833,1,0.833,0,0,1.000,ouuert,ouuert,ouvert,ouvert,ouvert,ouvert
scene9.txt,13,73,3,minor_graphic_safe,hide_safe,yes,masquable:rule_based,historic_graphic_key_identity,apostrophe+u_v,d’un | d’vn,"d’un=[2,3,4,5] | d’vn=[1]",,2,1,0.750,1,0.750,0,0,1.000,dun,d’vn,d’un,d’un,d’un,d’un
scene9.txt,13,73,6,minor_graphic_safe,hide_safe,yes,masquable:rule_based,historic_graphic_key_identity,u_v,un | vn,"un=[3,4,5] | vn=[1,2]",,2,1,0.500,1,0.500,0,0,1.000,un,vn,vn,un,un,un
scene9.txt,14,79,6,minor_spacing,hide_safe,yes,masquable:rule_based,spacing_or_hyphen_only,spacing_or_hyphen_only,mal-heurs | malheurs,"mal-heurs=[1,2,3,5] | malheurs=[4]",,2,1,0.889,1,0.889,0,0,1.000,malheurs,mal-heurs,mal-heurs,mal-heurs,malheurs,mal-heurs
scene9.txt,16,91,3,minor_graphic_safe,hide_safe,yes,masquable:rule_based,accent_only,accent,sceu | sceû,"sceu=[2,3,4] | sceû=[1,5]",,2,1,0.750,1,0.750,0,0,1.000,sceu,sceû,sceu,sceu,sceu,sceû
scene9.txt,16,91,4,minor_graphic_safe,hide_safe,yes,masquable:rule_based,historic_graphic_key_identity,u_v,preuenir | prevenir,"preuenir=[1] | prevenir=[2,3,4,5]",,2,1,0.875,1,0.875,0,0,1.000,preuenir,preuenir,prevenir,prevenir,prevenir,prevenir
scene9.txt,18,103,5,minor_graphic_safe,hide_safe,yes,masquable:rule_based,historic_graphic_key_identity,u_v+y_i,vrai | vray,"vrai=[3,4] | vray=[1,2,5]",,2,1,0.750,1,0.750,0,0,1.000,urai,vray,vray,vrai,vrai,vray
scene9.txt,20,115,1,minor_graphic_safe,hide_safe,yes,masquable:rule_based,historic_graphic_key_identity,accent+apostrophe+final_zx_s,N’imputez | N’imputés,"N’imputez=[1,2,4,5] | N’imputés=[3]",,2,2,0.778,2,0.778,0,0,1.000,nimputes,N’imputez,N’imputez,N’imputés,N’imputez,N’imputez
scene9.txt,20,115,8,minor_graphic_safe,hide_safe,yes,masquable:rule_based,historic_graphic_key_identity,y_i,Roi | Roy,"Roi=[3] | Roy=[1,2,4,5]",,2,1,0.667,1,0.667,0,0,1.000,roi,Roy,Roy,Roi,Roy,Roy
scene9.txt,21,121,3,minor_graphic_safe,hide_safe,yes,masquable:rule_based,historic_graphic_key_identity,accent+double_consonant+final_zx_s,accusez | accusés,"accusez=[1,2,4,5] | accusés=[3]",,2,2,0.714,2,0.714,0,0,1.000,acuses,accusez,accusez,accusés,accusez,accusez
scene9.txt,21,121,6,minor_graphic_safe,hide_safe,yes,masquable:rule_based,accent_only,accent,celeste | céleste,"celeste=[3] | céleste=[1,2,4,5]",,2,1,0.857,1,0.857,0,0,1.000,celeste,céleste,céleste,celeste,céleste,céleste
scene9.txt,21,121,7,minor_punctuation,hide_safe,yes,masquable:rule_based,punctuation_only,punctuation_only,"colere, | colere.","colere,=[1,5] | colere.=[2,3,4]",,2,1,0.857,1,0.857,0,0,1.000,colere,"colere,",colere.,colere.,colere.,"colere,"
scene9.txt,22,127,7,minor_graphic_safe,hide_safe,yes,masquable:rule_based,historic_graphic_key_identity,accent+apostrophe+final_zx_s+u_v+apostrophe+final_zx_s+u_v,l’auez | l’avez | l’avés,"l’auez=[1] | l’avez=[2,4,5] | l’avés=[3]",,3,3,0.500,3,0.500,0,0,1.000,laues,l’auez,l’avez,l’avés,l’avez,l’avez
scene9.txt,25,145,2,minor_graphic_safe,hide_safe,yes,masquable:rule_based,historic_graphic_key_identity,accent+final_zx_s+u_v+final_zx_s+u_v,auancez | avancez | avancés,"auancez=[1] | avancez=[2,4,5] | avancés=[3]",,3,3,0.571,3,0.571,0,0,1.000,auances,auancez,avancez,avancés,avancez,avancez
scene9.txt,25,145,6,minor_graphic_safe,hide_safe,yes,masquable:rule_based,historic_graphic_key_identity,double_consonant+u_v,approuuant | approuvant,"approuuant=[1] | approuvant=[2,3,4,5]",,2,1,0.900,1,0.900,0,0,1.000,aprouuant,approuuant,approuvant,approuvant,approuvant,approuvant
scene9.txt,25,145,7,substantive,visible,no,visible:do_not_hide,short_token_protected,short_token_protected,leur | leurs,"leur=[1] | leurs=[2,3,4,5]",,2,1,0.800,1,0.800,1,1,0.800,leur | leurs,leur,leurs,leurs,leurs,leurs
scene9.txt,25,145,8,minor_punctuation,hide_safe,yes,masquable:rule_based,punctuation_only,punctuation_only,"crimes, | crimes.","crimes,=[1,2,3,5] | crimes.=[4]",,2,1,0.857,1,0.857,0,0,1.000,crimes,"crimes,","crimes,","crimes,",crimes.,"crimes,"
scene9.txt,27,157,3,minor_graphic_safe,hide_safe,yes,masquable:rule_based,historic_graphic_key_identity,y_i,Rois | Roys,"Rois=[2,3,4] | Roys=[1,5]",,2,1,0.750,1,0.750,0,0,1.000,rois,Roys,Rois,Rois,Rois,Roys
scene9.txt,27,157,6,minor_graphic_safe,hide_safe,yes,masquable:rule_based,historic_graphic_key_identity,accent+narrow_historic_lexical,entraisnent | entraînent,"entraisnent=[1,2,5] | entraînent=[3,4]",,2,2,0.818,2,0.818,0,0,1.000,entrainent,entraisnent,entraisnent,entraînent,entraînent,entraisnent
scene9.txt,27,157,8,minor_graphic_safe,hide_safe,yes,masquable:rule_based,historic_graphic_key_identity,double_consonant+punctuation_removed_for_graphic_key,flateurs. | flatteurs.,"flateurs.=[1,2,3,5] | flatteurs.=[4]",,2,1,0.900,1,0.900,0,0,1.000,flateurs,flateurs.,flateurs.,flateurs.,flatteurs.,flateurs.
scene9.txt,28,163,3,minor_graphic_safe,hide_safe,yes,masquable:rule_based,historic_graphic_key_identity,accent+final_zx_s+punctuation_removed_for_graphic_key+u_v+y_i,"voiés, | voyez,","voiés,=[3] | voyez,=[1,2,4,5]",,2,3,0.500,3,0.500,0,0,1.000,uoies,"voyez,","voyez,","voiés,","voyez,","voyez,"
scene9.txt,28,163,4,minor_graphic_safe,hide_safe,yes,masquable:rule_based,accent_only,accent,"Creon, | Créon,","Creon,=[1,2,5] | Créon,=[3,4]",,2,1,0.833,1,0.833,0,0,1.000,creon,"Creon,","Creon,","Créon,","Créon,","Creon,"
scene9.txt,28,163,7,minor_punctuation,hide_safe,yes,masquable:rule_based,punctuation_only,punctuation_only,"mortelle | mortelle,","mortelle=[3] | mortelle,=[1,2,4,5]",,2,1,0.889,1,0.889,0,0,1.000,mortele,"mortelle,","mortelle,",mortelle,"mortelle,","mortelle,"
scene9.txt,29,169,8,minor_punctuation,hide_safe,yes,masquable:rule_based,punctuation_only,punctuation_only,"cruelle, | cruelle~:","cruelle,=[1,2,3,5] | cruelle~:=[4]",,2,2,0.778,2,0.778,0,0,1.000,cruele,"cruelle,","cruelle,","cruelle,",cruelle~:,"cruelle,"
scene9.txt,31,181,3,minor_graphic_safe,hide_safe,yes,masquable:rule_based,historic_graphic_key_identity,accent+final_zx_s+u_v+final_zx_s+u_v,auez | avez | avés,"auez=[1] | avez=[2,4,5] | avés=[3]",,3,3,0.250,3,0.250,0,0,1.000,aues,auez,avez,avés,avez,avez
scene9.txt,33,193,3,minor_graphic_safe,hide_safe,yes,masquable:rule_based,accent_only;historic_graphic_key_identity,accent+accent+apostrophe+punctuation_removed_for_graphic_key+u_v,"l’auoüe, | l’avouë, | l’avoüe,","l’auoüe,=[1] | l’avouë,=[2,3,4] | l’avoüe,=[5]",,3,3,0.625,3,0.625,0,0,1.000,lauoue,"l’auoüe,","l’avouë,","l’avouë,","l’avouë,","l’avoüe,"
scene9.txt,34,199,8,minor_graphic_safe,hide_safe,yes,masquable:rule_based,historic_graphic_key_identity,accent+final_zx_s,pleurez | pleurés,"pleurez=[1,2,4,5] | pleurés=[3]",,2,2,0.714,2,0.714,0,0,1.000,pleures,pleurez,pleurez,pleurés,pleurez,pleurez
scene9.txt,36,211,5,minor_punctuation,hide_safe,yes,masquable:rule_based,punctuation_only,punctuation_only,Fils~! | Fils~?,"Fils~!=[2,3,4] | Fils~?=[1,5]",,2,1,0.833,1,0.833,0,0,1.000,fils,Fils~?,Fils~!,Fils~!,Fils~!,Fils~?
scene9.txt,36,211,6,minor_punctuation,hide_safe,yes,masquable:rule_based,punctuation_only,punctuation_only,Dieux | Dieux~!,"Dieux=[1,5] | Dieux~!=[2,3,4]",,2,2,0.714,2,0.714,0,0,1.000,dieus,Dieux,Dieux~!,Dieux~!,Dieux~!,Dieux
scene9.txt,36,211,7,mixed_minor_and_substantive,visible,no,visible:do_not_hide;contains_substantive_component,low_similarity_or_real_rewriting;spacing_or_hyphen_only,spacing_or_hyphen_only+substantive_default,que~me-veut | que~me~veut | que~veut,"que~me-veut=[1] | que~me~veut=[5] | que~veut=[2,3,4]",,3,3,0.727,3,0.727,2,2,0.778,quemeueut | queueut,que~me-veut,que~veut,que~veut,que~veut,que~me~veut
scene9.txt,37,217,3,minor_mixed,hide_safe,yes,masquable:rule_based,accent_only;punctuation_only,accent+punctuation_only,a-t-il | a-t’il | à~t’il,"a-t-il=[4] | a-t’il=[3] | à~t’il=[1,2,5]",,3,3,0.500,3,0.500,0,0,1.000,atil,à~t’il,à~t’il,a-t’il,a-t-il,à~t’il
scene9.txt,37,217,4,minor_graphic_safe,hide_safe,yes,masquable:rule_based,historic_graphic_key_identity,y_i,fini | finy,"fini=[2,3,4] | finy=[1,5]",,2,1,0.750,1,0.750,0,0,1.000,fini,finy,fini,fini,fini,finy
scene9.txt,37,217,6,minor_mixed,hide_safe,yes,masquable:rule_based,historic_graphic_key_identity;punctuation_only,i_j+punctuation_removed_for_graphic_key+i_j+punctuation_removed_for_graphic_key+spacing_or_hyphen+punctuation_only,iours. | jours. | jours~?,"iours.=[1] | jours.=[5] | jours~?=[2,3,4]",,3,3,0.571,3,0.571,0,0,1.000,iours,iours.,jours~?,jours~?,jours~?,jours.
scene9.txt,39,229,3,minor_graphic_safe,hide_safe,yes,masquable:rule_based,historic_graphic_key_identity,accent+final_zx_s+spacing_or_hyphen+u_v,sçauez-vous | sçavez-vous | sçavés-vous,"sçauez-vous=[1] | sçavez-vous=[2,3,5] | sçavés-vous=[4]",,3,3,0.727,3,0.727,0,0,1.000,scauesuous,sçauez-vous,sçavez-vous,sçavez-vous,sçavés-vous,sçavez-vous
scene9.txt,39,229,7,minor_punctuation,hide_safe,yes,masquable:rule_based,punctuation_only,punctuation_only,histoire. | histoire~?,"histoire.=[1,5] | histoire~?=[2,3,4]",,2,2,0.800,2,0.800,0,0,1.000,histoire,histoire.,histoire~?,histoire~?,histoire~?,histoire.
scene9.txt,41,241,2,mixed_minor_and_substantive,visible,no,visible:do_not_hide;contains_substantive_component,accent_only;short_token_protected,accent+short_token_protected,sceu | sceû | scû,"sceu=[2] | sceû=[1,5] | scû=[3,4]",,3,2,0.500,2,0.500,1,1,0.750,sceu | scu,sceû,sceu,scû,scû,sceû
scene9.txt,41,241,6,minor_graphic_safe,hide_safe,yes,masquable:rule_based,historic_graphic_key_identity,accent+narrow_historic_lexical,gagné | gaigné,"gagné=[3,4] | gaigné=[1,2,5]",,2,1,0.833,1,0.833,0,0,1.000,gagne,gaigné,gaigné,gagné,gagné,gaigné
scene9.txt,44,259,1,minor_punctuation,hide_safe,yes,masquable:rule_based,punctuation_only,punctuation_only,"Madame | Madame,","Madame=[1,2,5] | Madame,=[3,4]",,2,1,0.857,1,0.857,0,0,1.000,madame,Madame,Madame,"Madame,","Madame,",Madame
scene9.txt,45,265,2,minor_graphic_safe,hide_safe,yes,masquable:rule_based,historic_graphic_key_identity,accent+final_zx_s,ignorez | ignorés,"ignorez=[1,2,4,5] | ignorés=[3]",,2,2,0.714,2,0.714,0,0,1.000,ignores,ignorez,ignorez,ignorés,ignorez,ignorez
scene9.txt,45,265,3,substantive,visible,no,visible:do_not_hide,low_similarity_or_real_rewriting,substantive_default,encor | encore,"encor=[2,3,4] | encore=[1,5]",,2,1,0.833,1,0.833,1,1,0.833,encor | encore,encore,encor,encor,encor,encore
scene9.txt,45,265,8,minor_punctuation,hide_safe,yes,masquable:rule_based,punctuation_only,punctuation_only,"vostres, | vostres.","vostres,=[1,5] | vostres.=[2,3,4]",,2,1,0.875,1,0.875,0,0,1.000,uostres,"vostres,",vostres.,vostres.,vostres.,"vostres,"
scene9.txt,46,271,3,minor_graphic_safe,hide_safe,yes,masquable:rule_based,historic_graphic_key_identity,accent+double_consonant+final_zx_s,apprenez | apprenés,"apprenez=[1,2,4,5] | apprenés=[3]",,2,2,0.750,2,0.750,0,0,1.000,aprenes,apprenez,apprenez,apprenés,apprenez,apprenez
scene9.txt,46,271,5,minor_graphic_safe,hide_safe,yes,masquable:rule_based,historic_graphic_key_identity,u_v,unes | vnes,"unes=[2,3,4,5] | vnes=[1]",,2,1,0.750,1,0.750,0,0,1.000,unes,vnes,unes,unes,unes,unes
scene9.txt,48,283,3,minor_graphic_safe,hide_safe,yes,masquable:rule_based,historic_graphic_key_identity,u_v,acheue | acheve,"acheue=[1] | acheve=[2,3,4,5]",,2,1,0.833,1,0.833,0,0,1.000,acheue,acheue,acheve,acheve,acheve,acheve
scene9.txt,48,283,5,minor_mixed,hide_safe,yes,masquable:rule_based,historic_graphic_key_identity;punctuation_only,double_consonant+final_zx_s+punctuation_removed_for_graphic_key+punctuation_only,"couroux, | couroux. | courroux,","couroux,=[1,5] | couroux.=[3,4] | courroux,=[2]",,3,2,0.778,2,0.778,0,0,1.000,courous,"couroux,","courroux,",couroux.,couroux.,"couroux,"
scene9.txt,49,289,4,minor_graphic_safe,hide_safe,yes,masquable:rule_based,historic_graphic_key_identity,u_v+y_i,voici | voicy,"voici=[3] | voicy=[1,2,4,5]",,2,1,0.800,1,0.800,0,0,1.000,uoici,voicy,voicy,voici,voicy,voicy
scene9.txt,51,301,2,minor_graphic_safe,hide_safe,yes,masquable:rule_based,historic_graphic_key_identity,accent+final_zx_s+u_v+final_zx_s+u_v,auez | avez | avés,"auez=[1] | avez=[2,4,5] | avés=[3]",,3,3,0.250,3,0.250,0,0,1.000,aues,auez,avez,avés,avez,avez
scene9.txt,51,301,3,substantive,visible,no,visible:do_not_hide,short_token_protected,short_token_protected,"veu, | vû,","veu,=[1,2,5] | vû,=[3,4]",,2,2,0.500,2,0.500,1,1,0.667,ueu | uu,"veu,","veu,","vû,","vû,","veu,"
scene9.txt,51,301,5,minor_graphic_safe,hide_safe,yes,masquable:rule_based,historic_graphic_key_identity,u_v,auec | avec,"auec=[1] | avec=[2,3,4,5]",,2,1,0.750,1,0.750,0,0,1.000,auec,auec,avec,avec,avec,avec
scene9.txt,51,301,6,minor_punctuation,hide_safe,yes,masquable:rule_based,punctuation_only,punctuation_only,quelle | qu’elle,"quelle=[1,3,4,5] | qu’elle=[2]",,2,1,0.857,1,0.857,0,0,1.000,quele,quelle,qu’elle,quelle,quelle,quelle
scene9.txt,53,313,2,minor_graphic_safe,hide_safe,yes,masquable:rule_based,historic_graphic_key_identity,apostrophe+u_v,d’une | d’vne,"d’une=[2,3,4,5] | d’vne=[1]",,2,1,0.800,1,0.800,0,0,1.000,dune,d’vne,d’une,d’une,d’une,d’une
scene9.txt,53,313,3,substantive,visible,no,visible:do_not_hide,low_similarity_or_real_rewriting,substantive_default,ardeur | égale,"ardeur=[2,3,4] | égale=[1,5]",,2,6,0.000,6,0.000,6,6,0.000,ardeur | egale,égale,ardeur,ardeur,ardeur,égale
scene9.txt,53,313,4,substantive,visible,no,visible:do_not_hide,low_similarity_or_real_rewriting,substantive_default,ardeur | égale,"ardeur=[1,5] | égale=[2,3,4]",,2,6,0.000,6,0.000,6,6,0.000,ardeur | egale,ardeur,égale,égale,égale,ardeur
scene9.txt,53,313,5,substantive,visible,no,visible:do_not_hide,low_similarity_or_real_rewriting,substantive_default,"ils~fuyoient~de~ces~lieux, | ils~y~couroient~tous~deux,","ils~fuyoient~de~ces~lieux,=[2,3,4] | ils~y~couroient~tous~deux,=[1,5]",,2,12,0.538,12,0.538,10,10,0.524,ilsfuioientdeceslieus | ilsicouroientousdeus,"ils~y~couroient~tous~deux,","ils~fuyoient~de~ces~lieux,","ils~fuyoient~de~ces~lieux,","ils~fuyoient~de~ces~lieux,","ils~y~couroient~tous~deux,"
scene9.txt,56,331,7,minor_graphic_safe,hide_safe,yes,masquable:rule_based,historic_graphic_key_identity,apostrophe+u_v,n’auoit | n’avoit,"n’auoit=[1] | n’avoit=[2,3,4,5]",,2,1,0.857,1,0.857,0,0,1.000,nauoit,n’auoit,n’avoit,n’avoit,n’avoit,n’avoit
scene9.txt,56,331,8,minor_graphic_safe,hide_safe,yes,masquable:rule_based,accent_only,accent,sceu | sçeu,"sceu=[1,5] | sçeu=[2,3,4]",,2,1,0.750,1,0.750,0,0,1.000,sceu,sceu,sçeu,sçeu,sçeu,sceu
scene9.txt,57,337,2,minor_graphic_safe,hide_safe,yes,masquable:rule_based,historic_graphic_key_identity,accent+apostrophe+final_zx_s,l’excez | l’excés,"l’excez=[1,2,4,5] | l’excés=[3]",,2,2,0.714,2,0.714,0,0,1.000,lexces,l’excez,l’excez,l’excés,l’excez,l’excez
scene9.txt,57,337,5,minor_graphic_safe,hide_safe,yes,masquable:rule_based,accent_only,accent,haine | haïne,"haine=[2,3,4] | haïne=[1,5]",,2,1,0.800,1,0.800,0,0,1.000,haine,haïne,haine,haine,haine,haïne
scene9.txt,57,337,8,minor_graphic_safe,hide_safe,yes,masquable:rule_based,accent_only,accent,"reünis, | réünis,","reünis,=[1,2,4,5] | réünis,=[3]",,2,1,0.857,1,0.857,0,0,1.000,reunis,"reünis,","reünis,","réünis,","reünis,","reünis,"
scene9.txt,60,355,1,minor_graphic_safe,hide_safe,yes,masquable:rule_based,historic_graphic_key_identity,u_v,Un | Vn,"Un=[2,3,4,5] | Vn=[1]",,2,1,0.500,1,0.500,0,0,1.000,un,Vn,Un,Un,Un,Un
scene9.txt,60,355,11,minor_punctuation,hide_safe,yes,masquable:rule_based,punctuation_only,punctuation_only,muraille. | muraille~;,"muraille.=[2,3,4] | muraille~;=[1,5]",,2,2,0.800,2,0.800,0,0,1.000,muraile,muraille~;,muraille.,muraille.,muraille.,muraille~;
scene9.txt,61,361,1,minor_spacing,hide_safe,yes,masquable:rule_based,spacing_or_hyphen_only,spacing_or_hyphen_only,C’est-là | C’est~là,"C’est-là=[1,5] | C’est~là=[2,3,4]",,2,1,0.875,1,0.875,0,0,1.000,cestla,C’est-là,C’est~là,C’est~là,C’est~là,C’est-là
scene9.txt,63,373,1,minor_graphic_safe,hide_safe,yes,masquable:rule_based,historic_graphic_key_identity,apostrophe+u_v,D’un | D’vn,"D’un=[2,3,4,5] | D’vn=[1]",,2,1,0.750,1,0.750,0,0,1.000,dun,D’vn,D’un,D’un,D’un,D’un
scene9.txt,63,373,3,substantive,visible,no,visible:do_not_hide,low_similarity_or_real_rewriting,substantive_default,"menassant, | menaçant,","menassant,=[1,2,3,5] | menaçant,=[4]",,2,2,0.800,2,0.800,1,1,0.875,menacant | menasant,"menassant,","menassant,","menassant,","menaçant,","menassant,"
scene9.txt,63,373,4,minor_graphic_safe,hide_safe,yes,masquable:rule_based,historic_graphic_key_identity,apostrophe+u_v,d’un | d’vn,"d’un=[2,3,4,5] | d’vn=[1]",,2,1,0.750,1,0.750,0,0,1.000,dun,d’vn,d’un,d’un,d’un,d’un
scene9.txt,64,379,4,minor_graphic_safe,hide_safe,yes,masquable:rule_based,historic_graphic_key_identity,apostrophe+u_v,l’un | l’vn,"l’un=[2,3,4,5] | l’vn=[1]",,2,1,0.750,1,0.750,0,0,1.000,lun,l’vn,l’un,l’un,l’un,l’un
scene9.txt,64,379,9,minor_graphic_safe,hide_safe,yes,masquable:rule_based,historic_graphic_key_identity,u_v,un | vn,"un=[2,3,4,5] | vn=[1]",,2,1,0.500,1,0.500,0,0,1.000,un,vn,un,un,un,un
scene9.txt,64,379,10,minor_punctuation,hide_safe,yes,masquable:rule_based,punctuation_only,punctuation_only,"passage | passage, | passage~;","passage=[1,5] | passage,=[2,3] | passage~;=[4]",,3,2,0.778,2,0.778,0,0,1.000,pasage,passage,"passage,","passage,",passage~;,passage
scene9.txt,65,385,6,substantive,visible,no,visible:do_not_hide,short_token_protected,short_token_protected,leur | leurs,"leur=[1,2,3,5] | leurs=[4]",,2,1,0.800,1,0.800,1,1,0.800,leur | leurs,leur,leur,leur,leurs,leur
scene9.txt,66,391,6,minor_graphic_safe,hide_safe,yes,masquable:rule_based,historic_graphic_key_identity,u_v,deuant | devant,"deuant=[1] | devant=[2,3,4,5]",,2,1,0.833,1,0.833,0,0,1.000,deuant,deuant,devant,devant,devant,devant
scene9.txt,68,403,4,minor_graphic_safe,hide_safe,yes,masquable:rule_based,historic_graphic_key_identity,u_v,souuenoit | souvenoit,"souuenoit=[1] | souvenoit=[2,3,4,5]",,2,1,0.889,1,0.889,0,0,1.000,souuenoit,souuenoit,souvenoit,souvenoit,souvenoit,souvenoit
scene9.txt,69,409,2,minor_graphic_safe,hide_safe,yes,masquable:rule_based,historic_graphic_key_identity,double_consonant+i_j,iette | jette,"iette=[1] | jette=[2,3,4,5]",,2,1,0.800,1,0.800,0,0,1.000,iete,iette,jette,jette,jette,jette
scene9.txt,69,409,5,minor_punctuation,hide_safe,yes,masquable:rule_based,punctuation_only,punctuation_only,"d’eux | d’eux,","d’eux=[1,5] | d’eux,=[2,3,4]",,2,1,0.833,1,0.833,0,0,1.000,deus,d’eux,"d’eux,","d’eux,","d’eux,",d’eux
scene9.txt,69,409,7,substantive,visible,no,visible:do_not_hide,low_similarity_or_real_rewriting,substantive_default,mesprise | méprise,"mesprise=[1,5] | méprise=[2,3,4]",,2,2,0.750,2,0.750,1,1,0.875,meprise | mesprise,mesprise,méprise,méprise,méprise,mesprise
scene9.txt,69,409,9,minor_punctuation,hide_safe,yes,masquable:rule_based,punctuation_only,punctuation_only,"vous | vous,","vous=[2,3,4] | vous,=[1,5]",,2,1,0.800,1,0.800,0,0,1.000,uous,"vous,",vous,vous,vous,"vous,"
scene9.txt,70,415,6,substantive,visible,no,visible:do_not_hide,low_similarity_or_real_rewriting,substantive_default,arrestoient | retenoient,"arrestoient=[4] | retenoient=[1,2,3,5]",,2,5,0.545,5,0.545,4,4,0.600,arestoient | retenoient,retenoient,retenoient,retenoient,arrestoient,retenoient
scene9.txt,74,439,6,minor_mixed,hide_safe,yes,masquable:rule_based,historic_graphic_key_identity;punctuation_only,apostrophe+double_consonant+punctuation_only,rapprochent | r’approchent | r’aprochent,"rapprochent=[4] | r’approchent=[2,3] | r’aprochent=[1,5]",,3,2,0.818,2,0.818,0,0,1.000,raprochent,r’aprochent,r’approchent,r’approchent,rapprochent,r’aprochent
scene9.txt,74,439,7,minor_graphic_safe,hide_safe,yes,masquable:rule_based,historic_graphic_key_identity,accent+i_j+narrow_historic_lexical+punctuation_removed_for_graphic_key+i_j+narrow_historic_lexical+punctuation_removed_for_graphic_key,tousiours. | tousjours. | toûjours.,"tousiours.=[1] | tousjours.=[5] | toûjours.=[2,3,4]",,3,3,0.700,3,0.700,0,0,1.000,touiours,tousiours.,toûjours.,toûjours.,toûjours.,tousjours.
scene9.txt,76,451,6,substantive,visible,no,visible:do_not_hide,low_similarity_or_real_rewriting,substantive_default,destourne | détourne,"destourne=[1,5] | détourne=[2,3,4]",,2,2,0.778,2,0.778,1,1,0.889,destourne | detourne,destourne,détourne,détourne,détourne,destourne
scene9.txt,77,457,5,minor_graphic_safe,hide_safe,yes,masquable:rule_based,historic_graphic_key_identity,y_i,Roi | Roy,"Roi=[3,4] | Roy=[1,2,5]",,2,1,0.667,1,0.667,0,0,1.000,roi,Roy,Roy,Roi,Roi,Roy
scene9.txt,78,463,9,minor_punctuation,hide_safe,yes,masquable:rule_based,punctuation_only,punctuation_only,"mal-heureux, | mal-heureux.","mal-heureux,=[3,4] | mal-heureux.=[1,2,5]",,2,1,0.917,1,0.917,0,0,1.000,malheureus,mal-heureux.,mal-heureux.,"mal-heureux,","mal-heureux,",mal-heureux.
scene9.txt,79,469,2,minor_graphic_safe,hide_safe,yes,masquable:rule_based,historic_graphic_key_identity,u_v,renuerse | renverse,"renuerse=[1] | renverse=[2,3,4,5]",,2,1,0.875,1,0.875,0,0,1.000,renuerse,renuerse,renverse,renverse,renverse,renverse
scene9.txt,81,481,9,minor_graphic_safe,hide_safe,yes,masquable:rule_based,historic_graphic_key_identity,punctuation_removed_for_graphic_key+spacing_or_hyphen+u_v,rauie~! | ravie~!,"rauie~!=[1] | ravie~!=[2,3,4,5]",,2,1,0.857,1,0.857,0,0,1.000,rauie,rauie~!,ravie~!,ravie~!,ravie~!,ravie~!
scene9.txt,83,493,1,minor_graphic_safe,hide_safe,yes,masquable:rule_based,historic_graphic_key_identity,apostrophe+i_j+y_i,I’y | J’y,"I’y=[1] | J’y=[2,3,4,5]",,2,1,0.667,1,0.667,0,0,1.000,ii,I’y,J’y,J’y,J’y,J’y
scene9.txt,83,493,5,minor_graphic_safe,hide_safe,yes,masquable:rule_based,historic_graphic_key_identity,punctuation_removed_for_graphic_key+u_v,"releue, | releve,","releue,=[1] | releve,=[2,3,4,5]",,2,1,0.857,1,0.857,0,0,1.000,releue,"releue,","releve,","releve,","releve,","releve,"
scene9.txt,83,493,11,minor_punctuation,hide_safe,yes,masquable:rule_based,punctuation_only,punctuation_only,"bras, | bras~;","bras,=[1,2,3,5] | bras~;=[4]",,2,2,0.667,2,0.667,0,0,1.000,bras,"bras,","bras,","bras,",bras~;,"bras,"
scene9.txt,84,499,4,minor_graphic_safe,hide_safe,yes,masquable:rule_based,historic_graphic_key_identity,i_j,ie | je,"ie=[1] | je=[2,3,4,5]",,2,1,0.500,1,0.500,0,0,1.000,ie,ie,je,je,je,je
scene9.txt,84,499,6,minor_punctuation,hide_safe,yes,masquable:rule_based,punctuation_only,punctuation_only,"dit-il | dit-il,","dit-il=[2,3,4] | dit-il,=[1,5]",,2,1,0.857,1,0.857,0,0,1.000,ditil,"dit-il,",dit-il,dit-il,dit-il,"dit-il,"
scene9.txt,85,505,7,minor_punctuation,hide_safe,yes,masquable:rule_based,punctuation_only,punctuation_only,"Princesse, | Princesse~:","Princesse,=[1,2,3,5] | Princesse~:=[4]",,2,2,0.818,2,0.818,0,0,1.000,princese,"Princesse,","Princesse,","Princesse,",Princesse~:,"Princesse,"
scene9.txt,87,517,7,minor_graphic_safe,hide_safe,yes,masquable:rule_based,historic_graphic_key_identity,final_zx_s+u_v,deuez | devez,"deuez=[1] | devez=[2,3,4,5]",,2,1,0.800,1,0.800,0,0,1.000,deues,deuez,devez,devez,devez,devez
scene9.txt,87,517,8,minor_punctuation,hide_safe,yes,masquable:rule_based,punctuation_only,punctuation_only,"courir | courir,","courir=[1,2,5] | courir,=[3,4]",,2,1,0.857,1,0.857,0,0,1.000,courir,courir,courir,"courir,","courir,",courir
scene9.txt,88,523,1,minor_mixed,hide_safe,yes,masquable:rule_based,accent_only;spacing_or_hyphen_only,accent+spacing_or_hyphen_only,"Separez~les, | Séparez-les, | Séparez~les,","Separez~les,=[3,4] | Séparez-les,=[1,5] | Séparez~les,=[2]",,3,2,0.833,2,0.833,0,0,1.000,separezles,"Séparez-les,","Séparez~les,","Separez~les,","Separez~les,","Séparez-les,"
scene9.txt,88,523,7,minor_punctuation,hide_safe,yes,masquable:rule_based,punctuation_only,punctuation_only,"mourir, | mourir.","mourir,=[3,4] | mourir.=[1,2,5]",,2,1,0.857,1,0.857,0,0,1.000,mourir,mourir.,mourir.,"mourir,","mourir,",mourir.
scene9.txt,93,553,5,minor_graphic_safe,hide_safe,yes,masquable:rule_based,historic_graphic_key_identity,double_consonant+u_v,renouuelle | renouvelle,"renouuelle=[1] | renouvelle=[2,3,4,5]",,2,1,0.900,1,0.900,0,0,1.000,renouuele,renouuelle,renouvelle,renouvelle,renouvelle,renouvelle
scene9.txt,94,559,8,minor_mixed,hide_safe,yes,masquable:rule_based,historic_graphic_key_identity;punctuation_only,punctuation_only+punctuation_removed_for_graphic_key+u_v,"auantage, | avantage, | avantage.","auantage,=[1] | avantage,=[5] | avantage.=[2,3,4]",,3,2,0.778,2,0.778,0,0,1.000,auantage,"auantage,",avantage.,avantage.,avantage.,"avantage,"
scene9.txt,95,565,2,minor_graphic_safe,hide_safe,yes,masquable:rule_based,historic_graphic_key_identity,y_i,Roi | Roy,"Roi=[3] | Roy=[1,2,4,5]",,2,1,0.667,1,0.667,0,0,1.000,roi,Roy,Roy,Roi,Roy,Roy
scene9.txt,95,565,4,minor_graphic_safe,hide_safe,yes,masquable:rule_based,historic_graphic_key_identity,apostrophe+u_v,d’un | d’vn,"d’un=[2,3,4,5] | d’vn=[1]",,2,1,0.750,1,0.750,0,0,1.000,dun,d’vn,d’un,d’un,d’un,d’un
scene9.txt,95,565,7,minor_graphic_safe,hide_safe,yes,masquable:rule_based,historic_graphic_key_identity,y_i,lui | luy,"lui=[3] | luy=[1,2,4,5]",,2,1,0.667,1,0.667,0,0,1.000,lui,luy,luy,lui,luy,luy
scene9.txt,96,571,1,minor_graphic_safe,hide_safe,yes,masquable:rule_based,historic_graphic_key_identity,y_i,Lui | Luy,"Lui=[3] | Luy=[1,2,4,5]",,2,1,0.667,1,0.667,0,0,1.000,lui,Luy,Luy,Lui,Luy,Luy
scene9.txt,96,571,4,minor_punctuation,hide_safe,yes,masquable:rule_based,punctuation_only,punctuation_only,"Victoire | Victoire,","Victoire=[1,2,4,5] | Victoire,=[3]",,2,1,0.889,1,0.889,0,0,1.000,uictoire,Victoire,Victoire,"Victoire,",Victoire,Victoire
scene9.txt,96,571,9,minor_case,hide_safe,yes,masquable:rule_based,case_only,case_only,Sang. | sang.,"Sang.=[1,5] | sang.=[2,3,4]",,2,1,0.800,1,0.800,0,0,1.000,sang,Sang.,sang.,sang.,sang.,Sang.
scene9.txt,97,577,5,minor_graphic_safe,hide_safe,yes,masquable:rule_based,historic_graphic_key_identity,apostrophe+double_consonant,s’abandonent | s’abandonnent,"s’abandonent=[1,5] | s’abandonnent=[2,3,4]",,2,1,0.923,1,0.923,0,0,1.000,sabandonent,s’abandonent,s’abandonnent,s’abandonnent,s’abandonnent,s’abandonent
scene9.txt,99,589,9,minor_graphic_safe,hide_safe,yes,masquable:rule_based,historic_graphic_key_identity,punctuation_removed_for_graphic_key+y_i,"Roi, | Roy,","Roi,=[3] | Roy,=[1,2,4,5]",,2,1,0.750,1,0.750,0,0,1.000,roi,"Roy,","Roy,","Roi,","Roy,","Roy,"
scene9.txt,100,595,7,substantive,visible,no,visible:do_not_hide,low_similarity_or_real_rewriting,substantive_default,tesmoigne | témoigne,"tesmoigne=[1,5] | témoigne=[2,3,4]",,2,2,0.778,2,0.778,1,1,0.889,temoigne | tesmoigne,tesmoigne,témoigne,témoigne,témoigne,tesmoigne
scene9.txt,101,601,5,minor_graphic_safe,hide_safe,yes,masquable:rule_based,historic_graphic_key_identity,accent+double_consonant+final_zx_s,succez | succés,"succez=[1,2,4,5] | succés=[3]",,2,2,0.667,2,0.667,0,0,1.000,suces,succez,succez,succés,succez,succez
scene9.txt,102,607,2,minor_graphic_safe,hide_safe,yes,masquable:rule_based,historic_graphic_key_identity,u_v,auec | avec,"auec=[1] | avec=[2,3,4,5]",,2,1,0.750,1,0.750,0,0,1.000,auec,auec,avec,avec,avec,avec
scene9.txt,103,613,10,minor_punctuation,hide_safe,yes,masquable:rule_based,punctuation_only,punctuation_only,"baigner, | baigner.","baigner,=[1,5] | baigner.=[2,3,4]",,2,1,0.875,1,0.875,0,0,1.000,baigner,"baigner,",baigner.,baigner.,baigner.,"baigner,"
scene9.txt,104,619,4,minor_graphic_safe,hide_safe,yes,masquable:rule_based,historic_graphic_key_identity,y_i,lui | luy,"lui=[3] | luy=[1,2,4,5]",,2,1,0.667,1,0.667,0,0,1.000,lui,luy,luy,lui,luy,luy
scene9.txt,104,619,7,minor_graphic_safe,hide_safe,yes,masquable:rule_based,historic_graphic_key_identity,y_i,moi | moy,"moi=[3] | moy=[1,2,4,5]",,2,1,0.667,1,0.667,0,0,1.000,moi,moy,moy,moi,moy,moy
scene9.txt,104,619,8,minor_graphic_safe,hide_safe,yes,masquable:rule_based,historic_graphic_key_identity,i_j,ie | je,"ie=[1] | je=[2,3,4,5]",,2,1,0.500,1,0.500,0,0,1.000,ie,ie,je,je,je,je
scene9.txt,106,631,6,minor_graphic_safe,hide_safe,yes,masquable:rule_based,historic_graphic_key_identity,accent+apostrophe+final_zx_s,l’excez | l’excés,"l’excez=[1,2,5] | l’excés=[3,4]",,2,2,0.714,2,0.714,0,0,1.000,lexces,l’excez,l’excez,l’excés,l’excés,l’excez
scene9.txt,107,637,4,substantive,visible,no,visible:do_not_hide,low_similarity_or_real_rewriting,substantive_default,encor | encore,"encor=[4] | encore=[1,2,3,5]",,2,1,0.833,1,0.833,1,1,0.833,encor | encore,encore,encore,encore,encor,encore
scene9.txt,107,637,5,minor_graphic_safe,hide_safe,yes,masquable:rule_based,historic_graphic_key_identity,u_v,auec | avec,"auec=[1] | avec=[2,3,4,5]",,2,1,0.750,1,0.750,0,0,1.000,auec,auec,avec,avec,avec,avec
scene9.txt,109,649,2,minor_graphic_safe,hide_safe,yes,masquable:rule_based,historic_graphic_key_identity,u_v,acheuant | achevant,"acheuant=[1] | achevant=[2,3,4,5]",,2,1,0.875,1,0.875,0,0,1.000,acheuant,acheuant,achevant,achevant,achevant,achevant
scene9.txt,109,649,4,minor_punctuation,hide_safe,yes,masquable:rule_based,punctuation_only,punctuation_only,"mots | mots,","mots=[4] | mots,=[1,2,3,5]",,2,1,0.800,1,0.800,0,0,1.000,mots,"mots,","mots,","mots,",mots,"mots,"
scene9.txt,109,649,5,minor_graphic_safe,hide_safe,yes,masquable:rule_based,historic_graphic_key_identity,apostrophe+u_v,d’une | d’vne,"d’une=[2,3,4,5] | d’vne=[1]",,2,1,0.800,1,0.800,0,0,1.000,dune,d’vne,d’une,d’une,d’une,d’une
scene9.txt,109,649,6,minor_graphic_safe,hide_safe,yes,masquable:rule_based,accent_only,accent,demarche | démarche,"demarche=[2,3,4] | démarche=[1,5]",,2,1,0.875,1,0.875,0,0,1.000,demarche,démarche,demarche,demarche,demarche,démarche
scene9.txt,110,655,4,minor_graphic_safe,hide_safe,yes,masquable:rule_based,historic_graphic_key_identity,y_i,Roi | Roy,"Roi=[3] | Roy=[1,2,4,5]",,2,1,0.667,1,0.667,0,0,1.000,roi,Roy,Roy,Roi,Roy,Roy
scene9.txt,111,661,6,minor_graphic_safe,hide_safe,yes,masquable:rule_based,historic_graphic_key_identity,u_v,auance | avance,"auance=[1] | avance=[2,3,4,5]",,2,1,0.833,1,0.833,0,0,1.000,auance,auance,avance,avance,avance,avance
scene9.txt,112,667,2,minor_graphic_safe,hide_safe,yes,masquable:rule_based,historic_graphic_key_identity,y_i,Roi | Roy,"Roi=[3] | Roy=[1,2,4,5]",,2,1,0.667,1,0.667,0,0,1.000,roi,Roy,Roy,Roi,Roy,Roy
scene9.txt,112,667,6,minor_graphic_safe,hide_safe,yes,masquable:rule_based,historic_graphic_key_identity,u_v,obserue | observe,"obserue=[1] | observe=[2,3,4,5]",,2,1,0.857,1,0.857,0,0,1.000,obserue,obserue,observe,observe,observe,observe
scene9.txt,112,667,9,minor_punctuation,hide_safe,yes,masquable:rule_based,punctuation_only,punctuation_only,"pas, | pas.","pas,=[1,5] | pas.=[2,3,4]",,2,1,0.750,1,0.750,0,0,1.000,pas,"pas,",pas.,pas.,pas.,"pas,"
scene9.txt,114,679,7,minor_punctuation,hide_safe,yes,masquable:rule_based,punctuation_only,punctuation_only,"arrestée, | arrestée.","arrestée,=[1,5] | arrestée.=[2,3,4]",,2,1,0.889,1,0.889,0,0,1.000,arestee,"arrestée,",arrestée.,arrestée.,arrestée.,"arrestée,"
scene9.txt,116,691,8,substantive,visible,no,visible:do_not_hide,low_similarity_or_real_rewriting,substantive_default,soupirs. | souspirs.,"soupirs.=[3,4] | souspirs.=[1,2,5]",,2,1,0.889,1,0.889,1,1,0.875,soupirs | souspirs,souspirs.,souspirs.,soupirs.,soupirs.,souspirs.
scene9.txt,118,703,7,minor_graphic_safe,hide_safe,yes,masquable:rule_based,historic_graphic_key_identity,u_v,un | vn,"un=[2,3,4,5] | vn=[1]",,2,1,0.500,1,0.500,0,0,1.000,un,vn,un,un,un,un
scene9.txt,118,703,9,minor_punctuation,hide_safe,yes,masquable:rule_based,punctuation_only,punctuation_only,"funeste, | funeste.","funeste,=[1,3,4,5] | funeste.=[2]",,2,1,0.875,1,0.875,0,0,1.000,funeste,"funeste,",funeste.,"funeste,","funeste,","funeste,"
scene9.txt,119,709,8,minor_punctuation,hide_safe,yes,masquable:rule_based,punctuation_only,punctuation_only,"inhumain | inhumain,","inhumain=[2,3,4] | inhumain,=[1,5]",,2,1,0.889,1,0.889,0,0,1.000,inhumain,"inhumain,",inhumain,inhumain,inhumain,"inhumain,"
scene9.txt,120,715,1,minor_graphic_safe,hide_safe,yes,masquable:rule_based,historic_graphic_key_identity,y_i,Lui | Luy,"Lui=[3] | Luy=[1,2,4,5]",,2,1,0.667,1,0.667,0,0,1.000,lui,Luy,Luy,Lui,Luy,Luy
scene9.txt,121,721,2,minor_graphic_safe,hide_safe,yes,masquable:rule_based,historic_graphic_key_identity,y_i,lui | luy,"lui=[3] | luy=[1,2,4,5]",,2,1,0.667,1,0.667,0,0,1.000,lui,luy,luy,lui,luy,luy
scene9.txt,121,721,9,minor_graphic_safe,hide_safe,yes,masquable:rule_based,historic_graphic_key_identity,punctuation_removed_for_graphic_key+u_v,"rauie, | ravie,","rauie,=[1] | ravie,=[2,3,4,5]",,2,1,0.833,1,0.833,0,0,1.000,rauie,"rauie,","ravie,","ravie,","ravie,","ravie,"
scene9.txt,122,727,2,minor_graphic_safe,hide_safe,yes,masquable:rule_based,historic_graphic_key_identity,u_v,acheuant | achevant,"acheuant=[1] | achevant=[2,3,4,5]",,2,1,0.875,1,0.875,0,0,1.000,acheuant,acheuant,achevant,achevant,achevant,achevant
scene9.txt,123,733,4,minor_graphic_safe,hide_safe,yes,masquable:rule_based,historic_graphic_key_identity,u_v,un | vn,"un=[2,3,4,5] | vn=[1]",,2,1,0.500,1,0.500,0,0,1.000,un,vn,un,un,un,un
scene9.txt,123,733,5,minor_graphic_safe,hide_safe,yes,masquable:rule_based,historic_graphic_key_identity,y_i,cri | cry,"cri=[2,3,4] | cry=[1,5]",,2,1,0.667,1,0.667,0,0,1.000,cri,cry,cri,cri,cri,cry
scene9.txt,124,739,5,minor_graphic_safe,hide_safe,yes,masquable:rule_based,historic_graphic_key_identity,double_consonant+final_zx_s,couroux | courroux,"couroux=[1,5] | courroux=[2,3,4]",,2,1,0.875,1,0.875,0,0,1.000,courous,couroux,courroux,courroux,courroux,couroux
scene9.txt,126,751,8,minor_punctuation,hide_safe,yes,masquable:rule_based,punctuation_only,punctuation_only,"Frere, | Frere.","Frere,=[1,5] | Frere.=[2,3,4]",,2,1,0.833,1,0.833,0,0,1.000,frere,"Frere,",Frere.,Frere.,Frere.,"Frere,"
scene9.txt,130,775,3,minor_graphic_safe,hide_safe,yes,masquable:rule_based,historic_graphic_key_identity,u_v,aueuglement | aveuglement,"aueuglement=[1] | aveuglement=[2,3,4,5]",,2,1,0.909,1,0.909,0,0,1.000,aueuglement,aueuglement,aveuglement,aveuglement,aveuglement,aveuglement
scene9.txt,130,775,4,minor_punctuation,hide_safe,yes,masquable:rule_based,punctuation_only,punctuation_only,"funeste, | funeste~!","funeste,=[1,5] | funeste~!=[2,3,4]",,2,2,0.778,2,0.778,0,0,1.000,funeste,"funeste,",funeste~!,funeste~!,funeste~!,"funeste,"
scene9.txt,131,781,1,minor_graphic_safe,hide_safe,yes,masquable:rule_based,historic_graphic_key_identity,apostrophe+u_v,D’un | D’vn,"D’un=[2,3,4,5] | D’vn=[1]",,2,1,0.750,1,0.750,0,0,1.000,dun,D’vn,D’un,D’un,D’un,D’un
scene9.txt,131,781,6,minor_punctuation,hide_safe,yes,masquable:rule_based,punctuation_only,punctuation_only,"manifeste, | manifeste~!","manifeste,=[1,5] | manifeste~!=[2,3,4]",,2,2,0.818,2,0.818,0,0,1.000,manifeste,"manifeste,",manifeste~!,manifeste~!,manifeste~!,"manifeste,"
scene9.txt,133,793,2,substantive,visible,no,visible:do_not_hide,short_token_protected,short_token_protected,plust | plût,"plust=[1,2,5] | plût=[3,4]",,2,2,0.600,2,0.600,1,1,0.800,plust | plut,plust,plust,plût,plût,plust
scene9.txt,133,793,5,minor_graphic_safe,hide_safe,yes,masquable:rule_based,accent_only,accent,"Creon, | Créon,","Creon,=[1,2,5] | Créon,=[3,4]",,2,1,0.833,1,0.833,0,0,1.000,creon,"Creon,","Creon,","Créon,","Créon,","Creon,"
scene9.txt,133,793,8,substantive,visible,no,visible:do_not_hide,low_similarity_or_real_rewriting,substantive_default,restast | restât,"restast=[1,2,5] | restât=[3,4]",,2,2,0.714,2,0.714,1,1,0.857,restast | restat,restast,restast,restât,restât,restast
scene9.txt,133,793,10,minor_punctuation,hide_safe,yes,masquable:rule_based,punctuation_only,punctuation_only,"vous, | vous.","vous,=[2,3,4] | vous.=[1,5]",,2,1,0.800,1,0.800,0,0,1.000,uous,vous.,"vous,","vous,","vous,",vous.
scene9.txt,134,799,5,minor_graphic_safe,hide_safe,yes,masquable:rule_based,historic_graphic_key_identity,accent+u_v,préuenant | prévenant,"préuenant=[1] | prévenant=[2,3,4,5]",,2,1,0.889,1,0.889,0,0,1.000,preuenant,préuenant,prévenant,prévenant,prévenant,prévenant
scene9.txt,135,805,1,substantive,visible,no,visible:do_not_hide,short_token_protected,short_token_protected,Eust | Eût,"Eust=[1,2,5] | Eût=[3,4]",,2,2,0.500,2,0.500,1,1,0.750,eust | eut,Eust,Eust,Eût,Eût,Eust
scene9.txt,135,805,2,minor_graphic_safe,hide_safe,yes,masquable:rule_based,historic_graphic_key_identity,u_v+y_i,suiuy | suivi | suivy,"suiuy=[1] | suivi=[2,3,4] | suivy=[5]",,3,2,0.600,2,0.600,0,0,1.000,suiui,suiuy,suivi,suivi,suivi,suivy
scene9.txt,137,817,8,minor_graphic_safe,hide_safe,yes,masquable:rule_based,historic_graphic_key_identity,double_consonant+final_zx_s,couroux | courroux,"couroux=[1,3,4,5] | courroux=[2]",,2,1,0.875,1,0.875,0,0,1.000,courous,couroux,courroux,couroux,couroux,couroux
scene9.txt,138,823,7,minor_punctuation,hide_safe,yes,masquable:rule_based,punctuation_only,punctuation_only,épuisé. | épuisé~;,"épuisé.=[2,3,4] | épuisé~;=[1,5]",,2,2,0.750,2,0.750,0,0,1.000,epuise,épuisé~;,épuisé.,épuisé.,épuisé.,épuisé~;
scene9.txt,139,829,7,minor_graphic_safe,hide_safe,yes,masquable:rule_based,historic_graphic_key_identity,accent+final_zx_s+punctuation_removed_for_graphic_key+u_v+y_i,"voiés, | voyez,","voiés,=[3] | voyez,=[1,2,4,5]",,2,3,0.500,3,0.500,0,0,1.000,uoies,"voyez,","voyez,","voiés,","voyez,","voyez,"
scene9.txt,140,835,8,minor_punctuation,hide_safe,yes,masquable:rule_based,punctuation_only,punctuation_only,"ame | ame, | ame.","ame=[2] | ame,=[1,5] | ame.=[3,4]",,3,1,0.750,1,0.750,0,0,1.000,ame,"ame,",ame,ame.,ame.,"ame,"
scene9.txt,143,853,3,minor_graphic_safe,hide_safe,yes,masquable:rule_based,historic_graphic_key_identity,accent+final_zx_s+punctuation_removed_for_graphic_key,"regnez, | regnés,","regnez,=[1,2,4,5] | regnés,=[3]",,2,2,0.714,2,0.714,0,0,1.000,regnes,"regnez,","regnez,","regnés,","regnez,","regnez,"
scene9.txt,144,859,3,substantive,visible,no,visible:do_not_hide,low_similarity_or_real_rewriting,substantive_default,Trosne | Trône,"Trosne=[1,2,5] | Trône=[3,4]",,2,2,0.667,2,0.667,1,1,0.833,trone | trosne,Trosne,Trosne,Trône,Trône,Trosne
scene9.txt,145,865,2,minor_graphic_safe,hide_safe,yes,masquable:rule_based,historic_graphic_key_identity,accent+double_consonant+final_zx_s+spacing_or_hyphen+y_i,laissez-moy | laissés-moi,"laissez-moy=[1,2,4,5] | laissés-moi=[3]",,2,3,0.727,3,0.727,0,0,1.000,laisesmoi,laissez-moy,laissez-moy,laissés-moi,laissez-moy,laissez-moy
scene9.txt,145,865,5,minor_graphic_safe,hide_safe,yes,masquable:rule_based,historic_graphic_key_identity,u_v,un | vn,"un=[2,3,4,5] | vn=[1]",,2,1,0.500,1,0.500,0,0,1.000,un,vn,un,un,un,un
scene9.txt,146,871,3,substantive,visible,no,visible:do_not_hide,low_similarity_or_real_rewriting,substantive_default,contraignez | craignés,"contraignez=[1,2,4,5] | craignés=[3]",,2,5,0.545,5,0.545,3,3,0.727,contraignes | craignes,contraignez,contraignez,craignés,contraignez,contraignez
scene9.txt,146,871,7,minor_punctuation,hide_safe,yes,masquable:rule_based,punctuation_only,punctuation_only,"inquietude, | inquietude~;","inquietude,=[1,2,3,5] | inquietude~;=[4]",,2,2,0.833,2,0.833,0,0,1.000,inquietude,"inquietude,","inquietude,","inquietude,",inquietude~;,"inquietude,"
scene9.txt,147,877,1,minor_spacing,hide_safe,yes,masquable:rule_based,spacing_or_hyphen_only,spacing_or_hyphen_only,Aussi-bien | Aussi~bien,"Aussi-bien=[4] | Aussi~bien=[1,2,3,5]",,2,1,0.900,1,0.900,0,0,1.000,ausibien,Aussi~bien,Aussi~bien,Aussi~bien,Aussi-bien,Aussi~bien
scene9.txt,148,883,2,mixed_minor_and_substantive,visible,no,visible:do_not_hide;contains_substantive_component,historic_graphic_key_identity;low_similarity_or_real_rewriting,accent+final_zx_s+u_v+substantive_default,treuverez | trouverez | trouverés,"treuverez=[1,5] | trouverez=[2,4] | trouverés=[3]",,3,3,0.667,3,0.667,1,1,0.889,treuueres | trouueres,treuverez,trouverez,trouverés,trouverez,treuverez
scene9.txt,149,889,2,substantive,visible,no,visible:do_not_hide,low_similarity_or_real_rewriting,substantive_default,Trosne | Trône,"Trosne=[1,2,5] | Trône=[3,4]",,2,2,0.667,2,0.667,1,1,0.833,trone | trosne,Trosne,Trosne,Trône,Trône,Trosne
scene9.txt,149,889,8,minor_punctuation,hide_safe,yes,masquable:rule_based,punctuation_only,punctuation_only,"appelle, | appelle.","appelle,=[1,2,3,5] | appelle.=[4]",,2,1,0.875,1,0.875,0,0,1.000,apele,"appelle,","appelle,","appelle,",appelle.,"appelle,"
scene9.txt,150,895,1,mixed_minor_and_substantive,visible,no,visible:do_not_hide;contains_substantive_component,historic_graphic_key_identity;low_similarity_or_real_rewriting,accent+final_zx_s+substantive_default,Goustez | Goûtez | Goûtés,"Goustez=[1,2,5] | Goûtez=[4] | Goûtés=[3]",,3,4,0.429,4,0.429,1,1,0.857,goustes | goutes,Goustez,Goustez,Goûtés,Goûtez,Goustez
scene9.txt,150,895,5,minor_graphic_safe,hide_safe,yes,masquable:rule_based,historic_graphic_key_identity,apostrophe+u_v,d’une | d’vne,"d’une=[2,3,4,5] | d’vne=[1]",,2,1,0.800,1,0.800,0,0,1.000,dune,d’vne,d’une,d’une,d’une,d’une
scene9.txt,150,895,7,minor_mixed,hide_safe,yes,masquable:rule_based,historic_graphic_key_identity;punctuation_only,double_consonant+punctuation_removed_for_graphic_key+u_v+punctuation_only,"nouuelle, | nouvelle, | nouvelle.","nouuelle,=[1] | nouvelle,=[2,3,5] | nouvelle.=[4]",,3,2,0.778,2,0.778,0,0,1.000,nouuele,"nouuelle,","nouvelle,","nouvelle,",nouvelle.,"nouvelle,"
scene9.txt,151,901,9,mixed_minor_and_substantive,visible,no,visible:do_not_hide;contains_substantive_component,accent_only;low_similarity_or_real_rewriting;punctuation_only,accent+punctuation_only+substantive_default,"gesner, | gesner. | géner. | gêner.","gesner,=[1,5] | gesner.=[2] | géner.=[3] | gêner.=[4]",,4,3,0.571,3,0.571,1,1,0.833,gener | gesner,"gesner,",gesner.,géner.,gêner.,"gesner,"
scene9.txt,152,907,1,minor_graphic_safe,hide_safe,yes,masquable:rule_based,historic_graphic_key_identity,i_j,Ie | Je,"Ie=[1] | Je=[2,3,4,5]",,2,1,0.500,1,0.500,0,0,1.000,ie,Ie,Je,Je,Je,Je
scene9.txt,152,907,4,minor_graphic_safe,hide_safe,yes,masquable:rule_based,accent_only,accent,"Creon, | Créon,","Creon,=[1,2,5] | Créon,=[3,4]",,2,1,0.833,1,0.833,0,0,1.000,creon,"Creon,","Creon,","Créon,","Créon,","Creon,"
scene9.txt,152,907,7,minor_graphic_safe,hide_safe,yes,masquable:rule_based,historic_graphic_key_identity,accent+final_zx_s+u_v,voulez | voulés,"voulez=[1,2,4,5] | voulés=[3]",,2,2,0.667,2,0.667,0,0,1.000,uoules,voulez,voulez,voulés,voulez,voulez
scene9.txt,154,919,3,minor_graphic_safe,hide_safe,yes,masquable:rule_based,historic_graphic_key_identity,accent+final_zx_s,regnez | regnés,"regnez=[1,2,4,5] | regnés=[3]",,2,2,0.667,2,0.667,0,0,1.000,regnes,regnez,regnez,regnés,regnez,regnez
scene9.txt,154,919,5,minor_graphic_safe,hide_safe,yes,masquable:rule_based,historic_graphic_key_identity,accent+final_zx_s,montez | montés,"montez=[1,2,4,5] | montés=[3]",,2,2,0.667,2,0.667,0,0,1.000,montes,montez,montez,montés,montez,montez
scene9.txt,154,919,8,substantive,visible,no,visible:do_not_hide,low_similarity_or_real_rewriting,substantive_default,"Trosne, | Trône,","Trosne,=[1,2,5] | Trône,=[3,4]",,2,2,0.714,2,0.714,1,1,0.833,trone | trosne,"Trosne,","Trosne,","Trône,","Trône,","Trosne,"
scene9.txt,155,925,4,minor_graphic_safe,hide_safe,yes,masquable:rule_based,historic_graphic_key_identity,apostrophe+double_consonant,n’apartient | n’appartient,"n’apartient=[1,5] | n’appartient=[2,3,4]",,2,1,0.917,1,0.917,0,0,1.000,napartient,n’apartient,n’appartient,n’appartient,n’appartient,n’apartient
scene9.txt,157,937,8,minor_mixed,hide_safe,yes,masquable:rule_based,historic_graphic_key_identity;punctuation_only,accent+apostrophe+double_consonant+final_zx_s+punctuation_removed_for_graphic_key+punctuation_only,"l’occupiez, | l’occupiez. | l’occupiés.","l’occupiez,=[1,4,5] | l’occupiez.=[2] | l’occupiés.=[3]",,3,3,0.727,3,0.727,0,0,1.000,locupies,"l’occupiez,",l’occupiez.,l’occupiés.,"l’occupiez,","l’occupiez,"
scene9.txt,160,955,6,mixed_minor_and_substantive,visible,no,visible:do_not_hide;contains_substantive_component,historic_graphic_key_identity;short_token_protected,accent+final_zx_s+punctuation_removed_for_graphic_key+short_token_protected,pieds. | piez. | piés.,"pieds.=[1,5] | piez.=[2] | piés.=[3,4]",,3,2,0.600,2,0.600,1,1,0.800,pieds | pies,pieds.,piez.,piés.,piés.,pieds.
scene9.txt,162,967,9,minor_graphic_safe,hide_safe,yes,masquable:rule_based,historic_graphic_key_identity,accent+historic_s_before_consonant+punctuation_removed_for_graphic_key,"mesme, | même,","mesme,=[1,2,5] | même,=[3,4]",,2,2,0.667,2,0.667,0,0,1.000,meme,"mesme,","mesme,","même,","même,","mesme,"
scene9.txt,163,973,3,minor_graphic_safe,hide_safe,yes,masquable:rule_based,historic_graphic_key_identity,accent+final_zx_s+punctuation_removed_for_graphic_key,"osez, | osés,","osez,=[1,2,4,5] | osés,=[3]",,2,2,0.600,2,0.600,0,0,1.000,oses,"osez,","osez,","osés,","osez,","osez,"
scene9.txt,163,973,4,minor_graphic_safe,hide_safe,yes,masquable:rule_based,accent_only,accent,"Creon, | Créon,","Creon,=[1,2,5] | Créon,=[3,4]",,2,1,0.833,1,0.833,0,0,1.000,creon,"Creon,","Creon,","Créon,","Créon,","Creon,"
scene9.txt,163,973,7,minor_mixed,hide_safe,yes,masquable:rule_based,accent_only;punctuation_only,accent+punctuation_only,Diadéme. | Diadéme~? | Diadême~?,"Diadéme.=[1,5] | Diadéme~?=[2] | Diadême~?=[3,4]",,3,3,0.667,3,0.667,0,0,1.000,diademe,Diadéme.,Diadéme~?,Diadême~?,Diadême~?,Diadéme.
scene9.txt,165,985,2,minor_graphic_safe,hide_safe,yes,masquable:rule_based,historic_graphic_key_identity,accent+y_i,sçai | sçay,"sçai=[3] | sçay=[1,2,4,5]",,2,1,0.750,1,0.750,0,0,1.000,scai,sçay,sçay,sçai,sçay,sçay
scene9.txt,167,997,8,minor_punctuation,hide_safe,yes,masquable:rule_based,punctuation_only,punctuation_only,"indigne, | indigne.","indigne,=[1,5] | indigne.=[2,3,4]",,2,1,0.875,1,0.875,0,0,1.000,indigne,"indigne,",indigne.,indigne.,indigne.,"indigne,"
scene9.txt,174,1039,3,minor_graphic_safe,hide_safe,yes,masquable:rule_based,historic_graphic_key_identity,i_j+spacing_or_hyphen,ferois-ie | ferois-je,"ferois-ie=[1] | ferois-je=[2,3,4,5]",,2,1,0.889,1,0.889,0,0,1.000,feroisie,ferois-ie,ferois-je,ferois-je,ferois-je,ferois-je
scene9.txt,174,1039,8,minor_punctuation,hide_safe,yes,masquable:rule_based,punctuation_only,punctuation_only,"grace, | grace~!","grace,=[1,5] | grace~!=[2,3,4]",,2,2,0.714,2,0.714,0,0,1.000,grace,"grace,",grace~!,grace~!,grace~!,"grace,"
scene9.txt,175,1045,1,minor_graphic_safe,hide_safe,yes,masquable:rule_based,historic_graphic_key_identity,accent+double_consonant+final_zx_s,Ordonnez | Ordonnés,"Ordonnez=[1,2,4,5] | Ordonnés=[3]",,2,2,0.750,2,0.750,0,0,1.000,ordones,Ordonnez,Ordonnez,Ordonnés,Ordonnez,Ordonnez
scene9.txt,175,1045,7,minor_graphic_safe,hide_safe,yes,masquable:rule_based,historic_graphic_key_identity,i_j,ie | je,"ie=[1] | je=[2,3,4,5]",,2,1,0.500,1,0.500,0,0,1.000,ie,ie,je,je,je,je
scene9.txt,176,1051,1,minor_graphic_safe,hide_safe,yes,masquable:rule_based,historic_graphic_key_identity,i_j,Ie | Je,"Ie=[1] | Je=[2,3,4,5]",,2,1,0.500,1,0.500,0,0,1.000,ie,Ie,Je,Je,Je,Je
scene9.txt,182,1087,1,minor_graphic_safe,hide_safe,yes,masquable:rule_based,historic_graphic_key_identity,apostrophe+double_consonant+i_j,I’attens | J’attens,"I’attens=[1] | J’attens=[2,3,4,5]",,2,1,0.875,1,0.875,0,0,1.000,iatens,I’attens,J’attens,J’attens,J’attens,J’attens
scene9.txt,182,1087,4,minor_graphic_safe,hide_safe,yes,masquable:rule_based,historic_graphic_key_identity,punctuation_removed_for_graphic_key+y_i,ici. | icy.,"ici.=[3] | icy.=[1,2,4,5]",,2,1,0.750,1,0.750,0,0,1.000,ici,icy.,icy.,ici.,icy.,icy.
scene9.txt,185,1105,1,minor_graphic_safe,hide_safe,yes,masquable:rule_based,historic_graphic_key_identity,accent+double_consonant+final_zx_s+punctuation_removed_for_graphic_key,Attendez. | Attendés.,"Attendez.=[1,2,4,5] | Attendés.=[3]",,2,2,0.778,2,0.778,0,0,1.000,atendes,Attendez.,Attendez.,Attendés.,Attendez.,Attendez.
